Total pages,1200,,,,,,,,,,,,,,,,,,,,,,,,,,,,
Doc id,7,,,,,,,,,,,,,,,,,,,,,,,,,,,,
,,AVG: 3.5404503753,AVG: 21.7583333333,,,,,,,,,,,,,,,,,,,,,,,,,,
,,MEDIAN: 2,MEDIAN: 18,,,,,,,,,,,,,,,,,,,,,,,,,,
,,,,,,,,,,,,,,,,,,,,,,,,,,,,,
id,no of labels,no of para,no of unique words in page(over all para),no of words in each para,,,,,,,,,,,,,,,,,,,,,,,,,
0,1,2,2,2,2,,,,,,,,,,,,,,,,,,,,,,,,
1,1,2,11,11,11,,,,,,,,,,,,,,,,,,,,,,,,
2,2,2,12,12,12,,,,,,,,,,,,,,,,,,,,,,,,
3,1,3,24,24,21,16,,,,,,,,,,,,,,,,,,,,,,,
4,1,2,15,15,15,,,,,,,,,,,,,,,,,,,,,,,,
5,1,3,12,12,10,11,,,,,,,,,,,,,,,,,,,,,,,
6,2,10,47,47,15,15,15,19,19,22,19,12,13,,,,,,,,,,,,,,,,
7,1,2,4,4,4,,,,,,,,,,,,,,,,,,,,,,,,
8,1,3,28,28,25,21,,,,,,,,,,,,,,,,,,,,,,,
9,1,2,21,21,21,,,,,,,,,,,,,,,,,,,,,,,,
10,1,3,12,12,9,8,,,,,,,,,,,,,,,,,,,,,,,
11,2,7,46,46,22,21,24,19,21,14,,,,,,,,,,,,,,,,,,,
12,1,2,16,16,16,,,,,,,,,,,,,,,,,,,,,,,,
13,1,2,9,9,9,,,,,,,,,,,,,,,,,,,,,,,,
14,1,2,15,15,15,,,,,,,,,,,,,,,,,,,,,,,,
15,1,3,17,17,14,14,,,,,,,,,,,,,,,,,,,,,,,
16,1,2,10,10,10,,,,,,,,,,,,,,,,,,,,,,,,
17,1,2,17,17,17,,,,,,,,,,,,,,,,,,,,,,,,
18,1,2,11,11,11,,,,,,,,,,,,,,,,,,,,,,,,
19,1,4,25,25,19,20,13,,,,,,,,,,,,,,,,,,,,,,
20,1,12,46,46,9,12,20,18,21,21,21,24,21,15,13,,,,,,,,,,,,,,
21,1,3,12,12,8,8,,,,,,,,,,,,,,,,,,,,,,,
22,1,2,20,20,20,,,,,,,,,,,,,,,,,,,,,,,,
23,1,5,34,34,21,27,16,6,,,,,,,,,,,,,,,,,,,,,
24,2,13,60,60,17,20,19,19,22,21,16,14,12,17,19,18,,,,,,,,,,,,,
25,1,2,15,15,15,,,,,,,,,,,,,,,,,,,,,,,,
26,1,2,10,10,10,,,,,,,,,,,,,,,,,,,,,,,,
27,1,2,15,15,15,,,,,,,,,,,,,,,,,,,,,,,,
28,2,6,35,35,13,12,16,22,18,,,,,,,,,,,,,,,,,,,,
29,2,3,16,16,15,9,,,,,,,,,,,,,,,,,,,,,,,
30,1,2,16,16,16,,,,,,,,,,,,,,,,,,,,,,,,
31,1,2,15,15,15,,,,,,,,,,,,,,,,,,,,,,,,
32,1,2,15,15,15,,,,,,,,,,,,,,,,,,,,,,,,
33,1,2,12,12,12,,,,,,,,,,,,,,,,,,,,,,,,
34,1,2,21,21,21,,,,,,,,,,,,,,,,,,,,,,,,
35,1,2,18,18,18,,,,,,,,,,,,,,,,,,,,,,,,
36,1,6,41,41,17,20,19,17,16,,,,,,,,,,,,,,,,,,,,
37,2,6,35,35,18,16,16,18,12,,,,,,,,,,,,,,,,,,,,
38,1,2,21,21,21,,,,,,,,,,,,,,,,,,,,,,,,
39,1,2,18,18,18,,,,,,,,,,,,,,,,,,,,,,,,
40,2,17,68,68,17,19,14,13,14,11,13,16,15,16,15,12,12,5,7,9,,,,,,,,,
41,2,2,17,17,17,,,,,,,,,,,,,,,,,,,,,,,,
42,1,2,12,12,12,,,,,,,,,,,,,,,,,,,,,,,,
43,1,2,16,16,16,,,,,,,,,,,,,,,,,,,,,,,,
44,1,2,11,11,11,,,,,,,,,,,,,,,,,,,,,,,,
45,1,2,13,13,13,,,,,,,,,,,,,,,,,,,,,,,,
46,1,10,54,54,15,18,18,20,22,19,14,22,19,,,,,,,,,,,,,,,,
47,1,2,6,6,6,,,,,,,,,,,,,,,,,,,,,,,,
48,1,2,0,0,0,,,,,,,,,,,,,,,,,,,,,,,,
49,1,3,22,22,17,18,,,,,,,,,,,,,,,,,,,,,,,
50,1,3,21,21,18,16,,,,,,,,,,,,,,,,,,,,,,,
51,2,2,14,14,14,,,,,,,,,,,,,,,,,,,,,,,,
52,1,2,15,15,15,,,,,,,,,,,,,,,,,,,,,,,,
53,1,4,32,32,22,25,15,,,,,,,,,,,,,,,,,,,,,,
54,1,2,14,14,14,,,,,,,,,,,,,,,,,,,,,,,,
55,1,4,21,21,9,17,14,,,,,,,,,,,,,,,,,,,,,,
56,2,3,21,21,16,16,,,,,,,,,,,,,,,,,,,,,,,
57,1,2,9,9,9,,,,,,,,,,,,,,,,,,,,,,,,
58,2,9,60,60,20,25,23,22,21,16,14,15,,,,,,,,,,,,,,,,,
59,1,2,10,10,10,,,,,,,,,,,,,,,,,,,,,,,,
60,2,2,18,18,18,,,,,,,,,,,,,,,,,,,,,,,,
61,1,2,11,11,11,,,,,,,,,,,,,,,,,,,,,,,,
62,1,3,27,27,21,23,,,,,,,,,,,,,,,,,,,,,,,
63,1,3,17,17,13,13,,,,,,,,,,,,,,,,,,,,,,,
64,1,2,12,12,12,,,,,,,,,,,,,,,,,,,,,,,,
65,1,6,43,43,21,24,20,20,11,,,,,,,,,,,,,,,,,,,,
66,1,2,20,20,20,,,,,,,,,,,,,,,,,,,,,,,,
67,1,2,14,14,14,,,,,,,,,,,,,,,,,,,,,,,,
68,1,2,9,9,9,,,,,,,,,,,,,,,,,,,,,,,,
69,1,9,52,52,16,14,16,23,24,16,17,13,,,,,,,,,,,,,,,,,
70,1,2,20,20,20,,,,,,,,,,,,,,,,,,,,,,,,
71,2,14,66,66,15,20,23,21,19,20,16,14,17,18,21,16,6,,,,,,,,,,,,
72,1,2,17,17,17,,,,,,,,,,,,,,,,,,,,,,,,
73,1,2,12,12,12,,,,,,,,,,,,,,,,,,,,,,,,
74,1,2,13,13,13,,,,,,,,,,,,,,,,,,,,,,,,
75,1,2,11,11,11,,,,,,,,,,,,,,,,,,,,,,,,
76,1,4,20,20,12,15,12,,,,,,,,,,,,,,,,,,,,,,
77,1,3,20,20,15,15,,,,,,,,,,,,,,,,,,,,,,,
78,2,16,65,65,15,15,16,19,16,13,12,12,14,16,14,14,11,13,11,,,,,,,,,,
79,1,4,36,36,21,23,20,,,,,,,,,,,,,,,,,,,,,,
80,1,2,14,14,14,,,,,,,,,,,,,,,,,,,,,,,,
81,1,2,13,13,13,,,,,,,,,,,,,,,,,,,,,,,,
82,1,2,10,10,10,,,,,,,,,,,,,,,,,,,,,,,,
83,2,2,13,13,13,,,,,,,,,,,,,,,,,,,,,,,,
84,2,2,15,15,15,,,,,,,,,,,,,,,,,,,,,,,,
85,1,6,44,44,19,22,19,16,15,,,,,,,,,,,,,,,,,,,,
86,1,2,19,19,19,,,,,,,,,,,,,,,,,,,,,,,,
87,1,2,20,20,20,,,,,,,,,,,,,,,,,,,,,,,,
88,1,3,17,17,11,12,,,,,,,,,,,,,,,,,,,,,,,
89,1,3,20,20,17,13,,,,,,,,,,,,,,,,,,,,,,,
90,1,6,40,40,23,19,20,18,11,,,,,,,,,,,,,,,,,,,,
91,2,2,18,18,18,,,,,,,,,,,,,,,,,,,,,,,,
92,1,2,10,10,10,,,,,,,,,,,,,,,,,,,,,,,,
93,2,13,55,55,14,20,18,14,11,11,15,17,13,11,20,17,,,,,,,,,,,,,
94,1,2,16,16,16,,,,,,,,,,,,,,,,,,,,,,,,
95,3,4,37,37,23,22,20,,,,,,,,,,,,,,,,,,,,,,
96,1,2,12,12,12,,,,,,,,,,,,,,,,,,,,,,,,
97,1,6,44,44,20,15,21,24,16,,,,,,,,,,,,,,,,,,,,
98,1,8,50,50,14,13,15,19,18,22,14,,,,,,,,,,,,,,,,,,
99,2,3,25,25,21,18,,,,,,,,,,,,,,,,,,,,,,,
100,2,3,21,21,21,12,,,,,,,,,,,,,,,,,,,,,,,
101,1,3,14,14,13,8,,,,,,,,,,,,,,,,,,,,,,,
102,1,10,47,47,19,17,22,17,14,14,12,14,13,,,,,,,,,,,,,,,,
103,1,4,13,13,8,6,5,,,,,,,,,,,,,,,,,,,,,,
104,1,2,10,10,10,,,,,,,,,,,,,,,,,,,,,,,,
105,1,2,14,14,14,,,,,,,,,,,,,,,,,,,,,,,,
106,1,4,21,21,17,16,12,,,,,,,,,,,,,,,,,,,,,,
107,1,8,46,46,17,14,19,16,19,25,16,,,,,,,,,,,,,,,,,,
108,1,2,13,13,13,,,,,,,,,,,,,,,,,,,,,,,,
109,1,2,9,9,9,,,,,,,,,,,,,,,,,,,,,,,,
110,1,2,13,13,13,,,,,,,,,,,,,,,,,,,,,,,,
111,1,7,35,35,13,17,17,21,19,10,,,,,,,,,,,,,,,,,,,
112,1,2,10,10,10,,,,,,,,,,,,,,,,,,,,,,,,
113,1,6,46,46,23,23,24,20,17,,,,,,,,,,,,,,,,,,,,
114,1,2,11,11,11,,,,,,,,,,,,,,,,,,,,,,,,
115,1,2,13,13,13,,,,,,,,,,,,,,,,,,,,,,,,
116,1,2,11,11,11,,,,,,,,,,,,,,,,,,,,,,,,
117,1,2,12,12,12,,,,,,,,,,,,,,,,,,,,,,,,
118,1,2,16,16,16,,,,,,,,,,,,,,,,,,,,,,,,
119,1,3,21,21,18,13,,,,,,,,,,,,,,,,,,,,,,,
120,1,2,19,19,19,,,,,,,,,,,,,,,,,,,,,,,,
121,1,2,18,18,18,,,,,,,,,,,,,,,,,,,,,,,,
122,1,2,19,19,19,,,,,,,,,,,,,,,,,,,,,,,,
123,1,2,14,14,14,,,,,,,,,,,,,,,,,,,,,,,,
124,1,5,35,35,21,19,19,17,,,,,,,,,,,,,,,,,,,,,
125,1,2,18,18,18,,,,,,,,,,,,,,,,,,,,,,,,
126,1,2,3,3,3,,,,,,,,,,,,,,,,,,,,,,,,
127,1,12,60,60,19,18,22,21,18,18,17,18,16,14,9,,,,,,,,,,,,,,
128,2,8,56,56,19,19,20,22,19,19,16,,,,,,,,,,,,,,,,,,
129,1,2,11,11,11,,,,,,,,,,,,,,,,,,,,,,,,
130,2,2,14,14,14,,,,,,,,,,,,,,,,,,,,,,,,
131,2,7,40,40,15,19,17,18,22,11,,,,,,,,,,,,,,,,,,,
132,1,2,19,19,19,,,,,,,,,,,,,,,,,,,,,,,,
133,1,5,31,31,22,24,14,4,,,,,,,,,,,,,,,,,,,,,
134,1,3,24,24,23,13,,,,,,,,,,,,,,,,,,,,,,,
135,1,3,29,29,21,19,,,,,,,,,,,,,,,,,,,,,,,
136,1,3,23,23,22,12,,,,,,,,,,,,,,,,,,,,,,,
137,1,2,10,10,10,,,,,,,,,,,,,,,,,,,,,,,,
138,1,5,33,33,19,17,17,12,,,,,,,,,,,,,,,,,,,,,
139,2,3,20,20,19,12,,,,,,,,,,,,,,,,,,,,,,,
140,2,5,28,28,19,17,11,9,,,,,,,,,,,,,,,,,,,,,
141,1,3,14,14,11,10,,,,,,,,,,,,,,,,,,,,,,,
142,2,5,39,39,26,21,22,17,,,,,,,,,,,,,,,,,,,,,
143,2,2,13,13,13,,,,,,,,,,,,,,,,,,,,,,,,
144,1,3,24,24,24,14,,,,,,,,,,,,,,,,,,,,,,,
145,1,7,19,19,8,8,8,7,9,7,,,,,,,,,,,,,,,,,,,
146,1,2,14,14,14,,,,,,,,,,,,,,,,,,,,,,,,
147,1,2,16,16,16,,,,,,,,,,,,,,,,,,,,,,,,
148,1,2,26,26,26,,,,,,,,,,,,,,,,,,,,,,,,
149,2,2,3,3,3,,,,,,,,,,,,,,,,,,,,,,,,
150,1,3,18,18,16,13,,,,,,,,,,,,,,,,,,,,,,,
151,1,2,22,22,22,,,,,,,,,,,,,,,,,,,,,,,,
152,1,2,12,12,12,,,,,,,,,,,,,,,,,,,,,,,,
153,1,2,10,10,10,,,,,,,,,,,,,,,,,,,,,,,,
154,1,2,21,21,21,,,,,,,,,,,,,,,,,,,,,,,,
155,2,11,66,66,24,26,24,21,18,19,22,18,17,14,,,,,,,,,,,,,,,
156,1,2,11,11,11,,,,,,,,,,,,,,,,,,,,,,,,
157,1,2,15,15,15,,,,,,,,,,,,,,,,,,,,,,,,
158,1,7,38,38,16,14,21,22,17,9,,,,,,,,,,,,,,,,,,,
159,1,2,15,15,15,,,,,,,,,,,,,,,,,,,,,,,,
160,1,3,15,15,13,10,,,,,,,,,,,,,,,,,,,,,,,
161,1,2,13,13,13,,,,,,,,,,,,,,,,,,,,,,,,
162,1,2,9,9,9,,,,,,,,,,,,,,,,,,,,,,,,
163,1,3,24,24,23,18,,,,,,,,,,,,,,,,,,,,,,,
164,1,5,30,30,22,15,11,8,,,,,,,,,,,,,,,,,,,,,
165,1,3,27,27,23,19,,,,,,,,,,,,,,,,,,,,,,,
166,1,3,16,16,15,9,,,,,,,,,,,,,,,,,,,,,,,
167,1,2,16,16,16,,,,,,,,,,,,,,,,,,,,,,,,
168,1,2,17,17,17,,,,,,,,,,,,,,,,,,,,,,,,
169,1,5,38,38,21,22,24,17,,,,,,,,,,,,,,,,,,,,,
170,2,6,47,47,23,22,17,17,17,,,,,,,,,,,,,,,,,,,,
171,1,4,20,20,17,16,12,,,,,,,,,,,,,,,,,,,,,,
172,1,2,16,16,16,,,,,,,,,,,,,,,,,,,,,,,,
173,1,2,19,19,19,,,,,,,,,,,,,,,,,,,,,,,,
174,1,2,10,10,10,,,,,,,,,,,,,,,,,,,,,,,,
175,1,2,12,12,12,,,,,,,,,,,,,,,,,,,,,,,,
176,1,2,4,4,4,,,,,,,,,,,,,,,,,,,,,,,,
177,1,2,23,23,23,,,,,,,,,,,,,,,,,,,,,,,,
178,1,2,21,21,21,,,,,,,,,,,,,,,,,,,,,,,,
179,1,3,23,23,18,18,,,,,,,,,,,,,,,,,,,,,,,
180,1,2,13,13,13,,,,,,,,,,,,,,,,,,,,,,,,
181,1,2,21,21,21,,,,,,,,,,,,,,,,,,,,,,,,
182,1,2,10,10,10,,,,,,,,,,,,,,,,,,,,,,,,
183,1,4,21,21,15,16,10,,,,,,,,,,,,,,,,,,,,,,
184,1,2,16,16,16,,,,,,,,,,,,,,,,,,,,,,,,
185,1,2,17,17,17,,,,,,,,,,,,,,,,,,,,,,,,
186,2,10,45,45,12,16,15,9,16,18,20,15,12,,,,,,,,,,,,,,,,
187,1,2,14,14,14,,,,,,,,,,,,,,,,,,,,,,,,
188,1,2,15,15,15,,,,,,,,,,,,,,,,,,,,,,,,
189,1,4,33,33,22,25,19,,,,,,,,,,,,,,,,,,,,,,
190,1,11,74,74,22,20,21,21,19,16,18,18,20,17,,,,,,,,,,,,,,,
191,1,2,15,15,15,,,,,,,,,,,,,,,,,,,,,,,,
192,1,9,50,50,23,19,23,22,18,13,14,12,,,,,,,,,,,,,,,,,
193,1,6,29,29,13,13,9,11,17,,,,,,,,,,,,,,,,,,,,
194,1,2,9,9,9,,,,,,,,,,,,,,,,,,,,,,,,
195,1,6,29,29,16,15,15,14,10,,,,,,,,,,,,,,,,,,,,
196,2,7,43,43,18,19,18,17,18,12,,,,,,,,,,,,,,,,,,,
197,1,13,65,65,14,15,21,21,18,18,19,19,15,11,15,13,,,,,,,,,,,,,
198,1,3,8,8,7,7,,,,,,,,,,,,,,,,,,,,,,,
199,1,7,26,26,11,10,13,16,13,12,,,,,,,,,,,,,,,,,,,
200,1,3,21,21,15,16,,,,,,,,,,,,,,,,,,,,,,,
201,1,3,21,21,20,12,,,,,,,,,,,,,,,,,,,,,,,
202,1,4,36,36,20,21,18,,,,,,,,,,,,,,,,,,,,,,
203,1,2,11,11,11,,,,,,,,,,,,,,,,,,,,,,,,
204,1,4,26,26,20,14,14,,,,,,,,,,,,,,,,,,,,,,
205,2,2,13,13,13,,,,,,,,,,,,,,,,,,,,,,,,
206,1,2,9,9,9,,,,,,,,,,,,,,,,,,,,,,,,
207,1,3,27,27,21,21,,,,,,,,,,,,,,,,,,,,,,,
208,1,5,32,32,17,19,19,18,,,,,,,,,,,,,,,,,,,,,
209,1,2,4,4,4,,,,,,,,,,,,,,,,,,,,,,,,
210,1,2,10,10,10,,,,,,,,,,,,,,,,,,,,,,,,
211,1,2,15,15,15,,,,,,,,,,,,,,,,,,,,,,,,
212,1,2,11,11,11,,,,,,,,,,,,,,,,,,,,,,,,
213,1,2,15,15,15,,,,,,,,,,,,,,,,,,,,,,,,
214,1,6,21,21,17,16,11,13,11,,,,,,,,,,,,,,,,,,,,
215,1,3,24,24,17,18,,,,,,,,,,,,,,,,,,,,,,,
216,1,9,54,54,17,21,27,19,18,22,21,16,,,,,,,,,,,,,,,,,
217,1,3,24,24,22,18,,,,,,,,,,,,,,,,,,,,,,,
218,1,3,20,20,19,17,,,,,,,,,,,,,,,,,,,,,,,
219,1,3,24,24,23,10,,,,,,,,,,,,,,,,,,,,,,,
220,1,2,16,16,16,,,,,,,,,,,,,,,,,,,,,,,,
221,1,2,17,17,17,,,,,,,,,,,,,,,,,,,,,,,,
222,1,5,47,47,29,28,27,15,,,,,,,,,,,,,,,,,,,,,
223,1,2,17,17,17,,,,,,,,,,,,,,,,,,,,,,,,
224,1,11,46,46,14,15,16,14,9,15,20,21,14,7,,,,,,,,,,,,,,,
225,1,2,7,7,7,,,,,,,,,,,,,,,,,,,,,,,,
226,1,5,38,38,18,20,22,20,,,,,,,,,,,,,,,,,,,,,
227,1,2,25,25,25,,,,,,,,,,,,,,,,,,,,,,,,
228,1,2,12,12,12,,,,,,,,,,,,,,,,,,,,,,,,
229,1,2,21,21,21,,,,,,,,,,,,,,,,,,,,,,,,
230,2,6,38,38,18,15,18,19,18,,,,,,,,,,,,,,,,,,,,
231,1,6,35,35,13,20,22,16,11,,,,,,,,,,,,,,,,,,,,
232,1,2,10,10,10,,,,,,,,,,,,,,,,,,,,,,,,
233,1,2,12,12,12,,,,,,,,,,,,,,,,,,,,,,,,
234,1,2,10,10,10,,,,,,,,,,,,,,,,,,,,,,,,
235,1,2,17,17,17,,,,,,,,,,,,,,,,,,,,,,,,
236,1,2,10,10,10,,,,,,,,,,,,,,,,,,,,,,,,
237,2,3,25,25,15,20,,,,,,,,,,,,,,,,,,,,,,,
238,1,2,17,17,17,,,,,,,,,,,,,,,,,,,,,,,,
239,1,10,58,58,19,21,21,17,20,21,22,22,14,,,,,,,,,,,,,,,,
240,1,4,28,28,16,14,13,,,,,,,,,,,,,,,,,,,,,,
241,1,3,19,19,19,12,,,,,,,,,,,,,,,,,,,,,,,
242,1,2,11,11,11,,,,,,,,,,,,,,,,,,,,,,,,
243,1,2,11,11,11,,,,,,,,,,,,,,,,,,,,,,,,
244,1,2,10,10,10,,,,,,,,,,,,,,,,,,,,,,,,
245,1,3,24,24,19,19,,,,,,,,,,,,,,,,,,,,,,,
246,1,8,46,46,15,18,18,13,17,25,14,,,,,,,,,,,,,,,,,,
247,1,2,11,11,11,,,,,,,,,,,,,,,,,,,,,,,,
248,1,3,22,22,22,16,,,,,,,,,,,,,,,,,,,,,,,
249,1,3,12,12,12,9,,,,,,,,,,,,,,,,,,,,,,,
250,1,3,23,23,18,15,,,,,,,,,,,,,,,,,,,,,,,
251,1,2,10,10,10,,,,,,,,,,,,,,,,,,,,,,,,
252,2,3,20,20,17,12,,,,,,,,,,,,,,,,,,,,,,,
253,1,2,19,19,19,,,,,,,,,,,,,,,,,,,,,,,,
254,1,9,47,47,19,21,17,17,20,17,15,12,,,,,,,,,,,,,,,,,
255,1,4,25,25,14,17,13,,,,,,,,,,,,,,,,,,,,,,
256,1,3,16,16,15,10,,,,,,,,,,,,,,,,,,,,,,,
257,1,2,11,11,11,,,,,,,,,,,,,,,,,,,,,,,,
258,1,2,19,19,19,,,,,,,,,,,,,,,,,,,,,,,,
259,2,2,5,5,5,,,,,,,,,,,,,,,,,,,,,,,,
260,1,2,11,11,11,,,,,,,,,,,,,,,,,,,,,,,,
261,1,5,28,28,14,14,18,13,,,,,,,,,,,,,,,,,,,,,
262,1,2,14,14,14,,,,,,,,,,,,,,,,,,,,,,,,
263,1,2,11,11,11,,,,,,,,,,,,,,,,,,,,,,,,
264,1,4,16,16,14,6,2,,,,,,,,,,,,,,,,,,,,,,
265,1,2,9,9,9,,,,,,,,,,,,,,,,,,,,,,,,
266,1,2,4,4,4,,,,,,,,,,,,,,,,,,,,,,,,
267,2,2,16,16,16,,,,,,,,,,,,,,,,,,,,,,,,
268,1,2,13,13,13,,,,,,,,,,,,,,,,,,,,,,,,
269,1,2,9,9,9,,,,,,,,,,,,,,,,,,,,,,,,
270,1,2,11,11,11,,,,,,,,,,,,,,,,,,,,,,,,
271,1,2,10,10,10,,,,,,,,,,,,,,,,,,,,,,,,
272,1,2,12,12,12,,,,,,,,,,,,,,,,,,,,,,,,
273,1,3,20,20,16,12,,,,,,,,,,,,,,,,,,,,,,,
274,1,4,32,32,18,24,22,,,,,,,,,,,,,,,,,,,,,,
275,1,2,17,17,17,,,,,,,,,,,,,,,,,,,,,,,,
276,2,11,60,60,16,16,18,17,14,18,20,25,19,19,,,,,,,,,,,,,,,
277,1,2,14,14,14,,,,,,,,,,,,,,,,,,,,,,,,
278,1,2,14,14,14,,,,,,,,,,,,,,,,,,,,,,,,
279,1,2,9,9,9,,,,,,,,,,,,,,,,,,,,,,,,
280,1,2,11,11,11,,,,,,,,,,,,,,,,,,,,,,,,
281,1,3,24,24,19,17,,,,,,,,,,,,,,,,,,,,,,,
282,1,2,20,20,20,,,,,,,,,,,,,,,,,,,,,,,,
283,1,2,11,11,11,,,,,,,,,,,,,,,,,,,,,,,,
284,1,2,20,20,20,,,,,,,,,,,,,,,,,,,,,,,,
285,1,3,19,19,17,15,,,,,,,,,,,,,,,,,,,,,,,
286,1,3,13,13,8,9,,,,,,,,,,,,,,,,,,,,,,,
287,1,2,8,8,8,,,,,,,,,,,,,,,,,,,,,,,,
288,1,2,5,5,5,,,,,,,,,,,,,,,,,,,,,,,,
289,1,2,3,3,3,,,,,,,,,,,,,,,,,,,,,,,,
290,2,3,20,20,20,13,,,,,,,,,,,,,,,,,,,,,,,
291,1,2,15,15,15,,,,,,,,,,,,,,,,,,,,,,,,
292,1,2,18,18,18,,,,,,,,,,,,,,,,,,,,,,,,
293,1,2,18,18,18,,,,,,,,,,,,,,,,,,,,,,,,
294,2,2,15,15,15,,,,,,,,,,,,,,,,,,,,,,,,
295,1,6,43,43,21,25,26,21,10,,,,,,,,,,,,,,,,,,,,
296,1,2,12,12,12,,,,,,,,,,,,,,,,,,,,,,,,
297,2,12,69,69,18,20,23,22,19,21,20,23,20,18,16,,,,,,,,,,,,,,
298,2,9,55,55,13,18,20,23,24,24,13,5,,,,,,,,,,,,,,,,,
299,1,3,12,12,11,11,,,,,,,,,,,,,,,,,,,,,,,
300,1,2,16,16,16,,,,,,,,,,,,,,,,,,,,,,,,
301,1,4,22,22,14,12,11,,,,,,,,,,,,,,,,,,,,,,
302,1,3,17,17,14,11,,,,,,,,,,,,,,,,,,,,,,,
303,1,2,19,19,19,,,,,,,,,,,,,,,,,,,,,,,,
304,1,2,10,10,10,,,,,,,,,,,,,,,,,,,,,,,,
305,1,2,19,19,19,,,,,,,,,,,,,,,,,,,,,,,,
306,1,2,17,17,17,,,,,,,,,,,,,,,,,,,,,,,,
307,1,2,8,8,8,,,,,,,,,,,,,,,,,,,,,,,,
308,2,15,73,73,16,19,20,22,25,16,16,16,20,17,16,18,19,20,,,,,,,,,,,
309,1,4,18,18,11,11,9,,,,,,,,,,,,,,,,,,,,,,
310,1,3,28,28,20,22,,,,,,,,,,,,,,,,,,,,,,,
311,1,2,12,12,12,,,,,,,,,,,,,,,,,,,,,,,,
312,2,6,43,43,16,21,18,18,15,,,,,,,,,,,,,,,,,,,,
313,1,2,18,18,18,,,,,,,,,,,,,,,,,,,,,,,,
314,1,2,12,12,12,,,,,,,,,,,,,,,,,,,,,,,,
315,1,4,26,26,18,20,14,,,,,,,,,,,,,,,,,,,,,,
316,1,2,20,20,20,,,,,,,,,,,,,,,,,,,,,,,,
317,1,4,21,21,12,13,10,,,,,,,,,,,,,,,,,,,,,,
318,1,2,8,8,8,,,,,,,,,,,,,,,,,,,,,,,,
319,1,2,18,18,18,,,,,,,,,,,,,,,,,,,,,,,,
320,1,4,25,25,17,14,12,,,,,,,,,,,,,,,,,,,,,,
321,1,2,16,16,16,,,,,,,,,,,,,,,,,,,,,,,,
322,1,2,14,14,14,,,,,,,,,,,,,,,,,,,,,,,,
323,1,2,8,8,8,,,,,,,,,,,,,,,,,,,,,,,,
324,1,7,36,36,15,17,16,16,11,8,,,,,,,,,,,,,,,,,,,
325,2,4,28,28,19,19,14,,,,,,,,,,,,,,,,,,,,,,
326,1,5,31,31,17,19,13,18,,,,,,,,,,,,,,,,,,,,,
327,1,2,18,18,18,,,,,,,,,,,,,,,,,,,,,,,,
328,1,2,2,2,2,,,,,,,,,,,,,,,,,,,,,,,,
329,1,2,19,19,19,,,,,,,,,,,,,,,,,,,,,,,,
330,1,3,22,22,20,13,,,,,,,,,,,,,,,,,,,,,,,
331,1,5,35,35,18,16,18,17,,,,,,,,,,,,,,,,,,,,,
332,1,2,12,12,12,,,,,,,,,,,,,,,,,,,,,,,,
333,1,3,14,14,13,8,,,,,,,,,,,,,,,,,,,,,,,
334,2,12,59,59,18,20,21,23,22,17,14,11,16,17,12,,,,,,,,,,,,,,
335,1,3,30,30,26,17,,,,,,,,,,,,,,,,,,,,,,,
336,2,3,17,17,17,8,,,,,,,,,,,,,,,,,,,,,,,
337,2,6,52,52,21,21,24,22,16,,,,,,,,,,,,,,,,,,,,
338,1,3,12,12,9,9,,,,,,,,,,,,,,,,,,,,,,,
339,1,2,12,12,12,,,,,,,,,,,,,,,,,,,,,,,,
340,1,6,42,42,23,21,22,17,11,,,,,,,,,,,,,,,,,,,,
341,1,2,6,6,6,,,,,,,,,,,,,,,,,,,,,,,,
342,1,6,43,43,18,26,22,17,11,,,,,,,,,,,,,,,,,,,,
343,1,3,23,23,18,13,,,,,,,,,,,,,,,,,,,,,,,
344,2,8,43,43,16,18,17,12,14,15,12,,,,,,,,,,,,,,,,,,
345,2,4,33,33,19,21,16,,,,,,,,,,,,,,,,,,,,,,
346,1,2,15,15,15,,,,,,,,,,,,,,,,,,,,,,,,
347,1,2,17,17,17,,,,,,,,,,,,,,,,,,,,,,,,
348,1,11,66,66,22,20,17,19,22,20,22,22,16,18,,,,,,,,,,,,,,,
349,1,5,39,39,21,21,22,18,,,,,,,,,,,,,,,,,,,,,
350,1,5,28,28,11,14,19,12,,,,,,,,,,,,,,,,,,,,,
351,1,3,22,22,20,16,,,,,,,,,,,,,,,,,,,,,,,
352,1,3,19,19,18,15,,,,,,,,,,,,,,,,,,,,,,,
353,2,9,57,57,20,22,17,16,21,26,17,7,,,,,,,,,,,,,,,,,
354,1,2,12,12,12,,,,,,,,,,,,,,,,,,,,,,,,
355,1,2,9,9,9,,,,,,,,,,,,,,,,,,,,,,,,
356,1,3,10,10,8,6,,,,,,,,,,,,,,,,,,,,,,,
357,1,2,10,10,10,,,,,,,,,,,,,,,,,,,,,,,,
358,1,2,11,11,11,,,,,,,,,,,,,,,,,,,,,,,,
359,1,2,13,13,13,,,,,,,,,,,,,,,,,,,,,,,,
360,1,2,8,8,8,,,,,,,,,,,,,,,,,,,,,,,,
361,1,5,28,28,16,14,14,15,,,,,,,,,,,,,,,,,,,,,
362,1,2,13,13,13,,,,,,,,,,,,,,,,,,,,,,,,
363,1,2,11,11,11,,,,,,,,,,,,,,,,,,,,,,,,
364,1,2,27,27,27,,,,,,,,,,,,,,,,,,,,,,,,
365,1,2,16,16,16,,,,,,,,,,,,,,,,,,,,,,,,
366,1,7,39,39,16,15,18,21,20,12,,,,,,,,,,,,,,,,,,,
367,1,2,15,15,15,,,,,,,,,,,,,,,,,,,,,,,,
368,2,3,21,21,21,12,,,,,,,,,,,,,,,,,,,,,,,
369,1,3,22,22,20,13,,,,,,,,,,,,,,,,,,,,,,,
370,1,2,15,15,15,,,,,,,,,,,,,,,,,,,,,,,,
371,1,15,80,80,22,22,12,17,22,19,14,22,24,18,21,22,22,16,,,,,,,,,,,
372,1,2,12,12,12,,,,,,,,,,,,,,,,,,,,,,,,
373,2,2,3,3,3,,,,,,,,,,,,,,,,,,,,,,,,
374,1,2,9,9,9,,,,,,,,,,,,,,,,,,,,,,,,
375,1,2,13,13,13,,,,,,,,,,,,,,,,,,,,,,,,
376,1,2,9,9,9,,,,,,,,,,,,,,,,,,,,,,,,
377,1,3,21,21,21,16,,,,,,,,,,,,,,,,,,,,,,,
378,1,2,10,10,10,,,,,,,,,,,,,,,,,,,,,,,,
379,1,2,13,13,13,,,,,,,,,,,,,,,,,,,,,,,,
380,1,3,26,26,19,20,,,,,,,,,,,,,,,,,,,,,,,
381,1,5,32,32,17,20,25,13,,,,,,,,,,,,,,,,,,,,,
382,1,2,19,19,19,,,,,,,,,,,,,,,,,,,,,,,,
383,1,3,17,17,15,15,,,,,,,,,,,,,,,,,,,,,,,
384,1,2,3,3,3,,,,,,,,,,,,,,,,,,,,,,,,
385,2,2,14,14,14,,,,,,,,,,,,,,,,,,,,,,,,
386,1,2,2,2,2,,,,,,,,,,,,,,,,,,,,,,,,
387,2,4,24,24,11,15,13,,,,,,,,,,,,,,,,,,,,,,
388,1,3,27,27,24,18,,,,,,,,,,,,,,,,,,,,,,,
389,1,2,19,19,19,,,,,,,,,,,,,,,,,,,,,,,,
390,1,2,10,10,10,,,,,,,,,,,,,,,,,,,,,,,,
391,2,2,17,17,17,,,,,,,,,,,,,,,,,,,,,,,,
392,1,2,12,12,12,,,,,,,,,,,,,,,,,,,,,,,,
393,1,2,9,9,9,,,,,,,,,,,,,,,,,,,,,,,,
394,1,2,3,3,3,,,,,,,,,,,,,,,,,,,,,,,,
395,1,3,26,26,13,21,,,,,,,,,,,,,,,,,,,,,,,
396,1,2,14,14,14,,,,,,,,,,,,,,,,,,,,,,,,
397,1,2,10,10,10,,,,,,,,,,,,,,,,,,,,,,,,
398,1,3,25,25,24,16,,,,,,,,,,,,,,,,,,,,,,,
399,2,2,14,14,14,,,,,,,,,,,,,,,,,,,,,,,,
400,2,3,23,23,16,17,,,,,,,,,,,,,,,,,,,,,,,
401,1,3,23,23,21,19,,,,,,,,,,,,,,,,,,,,,,,
402,1,2,9,9,9,,,,,,,,,,,,,,,,,,,,,,,,
403,2,2,15,15,15,,,,,,,,,,,,,,,,,,,,,,,,
404,1,2,9,9,9,,,,,,,,,,,,,,,,,,,,,,,,
405,1,2,18,18,18,,,,,,,,,,,,,,,,,,,,,,,,
406,1,2,9,9,9,,,,,,,,,,,,,,,,,,,,,,,,
407,1,2,18,18,18,,,,,,,,,,,,,,,,,,,,,,,,
408,1,3,20,20,17,16,,,,,,,,,,,,,,,,,,,,,,,
409,2,4,27,27,19,18,19,,,,,,,,,,,,,,,,,,,,,,
410,2,7,55,55,18,18,21,23,24,19,,,,,,,,,,,,,,,,,,,
411,1,2,14,14,14,,,,,,,,,,,,,,,,,,,,,,,,
412,2,3,15,15,14,9,,,,,,,,,,,,,,,,,,,,,,,
413,1,3,19,19,17,11,,,,,,,,,,,,,,,,,,,,,,,
414,1,2,6,6,6,,,,,,,,,,,,,,,,,,,,,,,,
415,1,2,1,1,1,,,,,,,,,,,,,,,,,,,,,,,,
416,1,2,19,19,19,,,,,,,,,,,,,,,,,,,,,,,,
417,1,3,27,27,22,20,,,,,,,,,,,,,,,,,,,,,,,
418,1,4,22,22,17,16,9,,,,,,,,,,,,,,,,,,,,,,
419,1,4,30,30,22,24,16,,,,,,,,,,,,,,,,,,,,,,
420,1,6,25,25,16,19,14,17,12,,,,,,,,,,,,,,,,,,,,
421,1,3,17,17,17,9,,,,,,,,,,,,,,,,,,,,,,,
422,1,2,16,16,16,,,,,,,,,,,,,,,,,,,,,,,,
423,1,7,52,52,21,19,21,25,27,24,,,,,,,,,,,,,,,,,,,
424,1,2,9,9,9,,,,,,,,,,,,,,,,,,,,,,,,
425,1,2,12,12,12,,,,,,,,,,,,,,,,,,,,,,,,
426,2,4,27,27,15,16,16,,,,,,,,,,,,,,,,,,,,,,
427,1,2,14,14,14,,,,,,,,,,,,,,,,,,,,,,,,
428,1,2,10,10,10,,,,,,,,,,,,,,,,,,,,,,,,
429,1,2,10,10,10,,,,,,,,,,,,,,,,,,,,,,,,
430,1,5,36,36,20,25,17,12,,,,,,,,,,,,,,,,,,,,,
431,1,3,22,22,18,17,,,,,,,,,,,,,,,,,,,,,,,
432,1,3,21,21,18,14,,,,,,,,,,,,,,,,,,,,,,,
433,1,4,31,31,20,28,15,,,,,,,,,,,,,,,,,,,,,,
434,1,6,32,32,14,16,14,12,10,,,,,,,,,,,,,,,,,,,,
435,1,6,33,33,16,13,15,18,12,,,,,,,,,,,,,,,,,,,,
436,2,2,16,16,16,,,,,,,,,,,,,,,,,,,,,,,,
437,1,2,12,12,12,,,,,,,,,,,,,,,,,,,,,,,,
438,1,4,28,28,15,18,15,,,,,,,,,,,,,,,,,,,,,,
439,1,2,15,15,15,,,,,,,,,,,,,,,,,,,,,,,,
440,1,2,18,18,18,,,,,,,,,,,,,,,,,,,,,,,,
441,1,3,18,18,16,10,,,,,,,,,,,,,,,,,,,,,,,
442,1,2,13,13,13,,,,,,,,,,,,,,,,,,,,,,,,
443,1,5,25,25,16,11,8,12,,,,,,,,,,,,,,,,,,,,,
444,1,9,45,45,12,13,19,15,9,14,16,12,,,,,,,,,,,,,,,,,
445,1,2,14,14,14,,,,,,,,,,,,,,,,,,,,,,,,
446,1,5,32,32,22,18,14,8,,,,,,,,,,,,,,,,,,,,,
447,1,4,20,20,17,10,11,,,,,,,,,,,,,,,,,,,,,,
448,1,3,28,28,26,17,,,,,,,,,,,,,,,,,,,,,,,
449,1,2,9,9,9,,,,,,,,,,,,,,,,,,,,,,,,
450,1,3,11,11,9,7,,,,,,,,,,,,,,,,,,,,,,,
451,1,2,12,12,12,,,,,,,,,,,,,,,,,,,,,,,,
452,2,6,37,37,19,18,18,20,14,,,,,,,,,,,,,,,,,,,,
453,1,2,1,1,1,,,,,,,,,,,,,,,,,,,,,,,,
454,1,2,8,8,8,,,,,,,,,,,,,,,,,,,,,,,,
455,2,3,18,18,17,11,,,,,,,,,,,,,,,,,,,,,,,
456,1,2,9,9,9,,,,,,,,,,,,,,,,,,,,,,,,
457,1,2,14,14,14,,,,,,,,,,,,,,,,,,,,,,,,
458,2,9,48,48,12,13,15,12,20,18,20,19,,,,,,,,,,,,,,,,,
459,2,4,30,30,19,20,20,,,,,,,,,,,,,,,,,,,,,,
460,1,2,4,4,4,,,,,,,,,,,,,,,,,,,,,,,,
461,1,3,22,22,20,17,,,,,,,,,,,,,,,,,,,,,,,
462,1,2,16,16,16,,,,,,,,,,,,,,,,,,,,,,,,
463,2,2,17,17,17,,,,,,,,,,,,,,,,,,,,,,,,
464,1,4,29,29,20,21,17,,,,,,,,,,,,,,,,,,,,,,
465,1,2,10,10,10,,,,,,,,,,,,,,,,,,,,,,,,
466,1,7,44,44,21,19,15,25,21,12,,,,,,,,,,,,,,,,,,,
467,1,2,13,13,13,,,,,,,,,,,,,,,,,,,,,,,,
468,1,14,62,62,13,19,17,17,18,18,17,14,15,13,18,23,18,,,,,,,,,,,,
469,1,2,15,15,15,,,,,,,,,,,,,,,,,,,,,,,,
470,1,2,18,18,18,,,,,,,,,,,,,,,,,,,,,,,,
471,1,5,22,22,15,10,9,8,,,,,,,,,,,,,,,,,,,,,
472,1,3,26,26,20,17,,,,,,,,,,,,,,,,,,,,,,,
473,1,2,16,16,16,,,,,,,,,,,,,,,,,,,,,,,,
474,2,2,9,9,9,,,,,,,,,,,,,,,,,,,,,,,,
475,1,4,24,24,17,17,16,,,,,,,,,,,,,,,,,,,,,,
476,1,3,30,30,27,20,,,,,,,,,,,,,,,,,,,,,,,
477,1,2,15,15,15,,,,,,,,,,,,,,,,,,,,,,,,
478,1,2,13,13,13,,,,,,,,,,,,,,,,,,,,,,,,
479,1,2,13,13,13,,,,,,,,,,,,,,,,,,,,,,,,
480,2,3,21,21,20,13,,,,,,,,,,,,,,,,,,,,,,,
481,1,2,19,19,19,,,,,,,,,,,,,,,,,,,,,,,,
482,1,10,56,56,17,17,19,18,13,10,13,16,13,,,,,,,,,,,,,,,,
483,1,2,5,5,5,,,,,,,,,,,,,,,,,,,,,,,,
484,1,3,26,26,20,16,,,,,,,,,,,,,,,,,,,,,,,
485,1,2,12,12,12,,,,,,,,,,,,,,,,,,,,,,,,
486,1,7,42,42,20,22,21,18,18,10,,,,,,,,,,,,,,,,,,,
487,1,2,22,22,22,,,,,,,,,,,,,,,,,,,,,,,,
488,1,3,15,15,14,6,,,,,,,,,,,,,,,,,,,,,,,
489,1,8,53,53,19,22,19,19,18,15,10,,,,,,,,,,,,,,,,,,
490,1,5,27,27,15,17,13,8,,,,,,,,,,,,,,,,,,,,,
491,2,13,66,66,22,19,17,21,19,17,14,18,18,18,15,9,,,,,,,,,,,,,
492,1,2,14,14,14,,,,,,,,,,,,,,,,,,,,,,,,
493,1,2,8,8,8,,,,,,,,,,,,,,,,,,,,,,,,
494,1,6,37,37,14,16,16,20,16,,,,,,,,,,,,,,,,,,,,
495,1,5,17,17,7,9,10,8,,,,,,,,,,,,,,,,,,,,,
496,2,3,23,23,22,14,,,,,,,,,,,,,,,,,,,,,,,
497,2,3,15,15,14,9,,,,,,,,,,,,,,,,,,,,,,,
498,1,2,5,5,5,,,,,,,,,,,,,,,,,,,,,,,,
499,1,2,22,22,22,,,,,,,,,,,,,,,,,,,,,,,,
500,1,2,11,11,11,,,,,,,,,,,,,,,,,,,,,,,,
501,1,2,15,15,15,,,,,,,,,,,,,,,,,,,,,,,,
502,1,3,20,20,14,19,,,,,,,,,,,,,,,,,,,,,,,
503,1,3,19,19,14,13,,,,,,,,,,,,,,,,,,,,,,,
504,1,2,12,12,12,,,,,,,,,,,,,,,,,,,,,,,,
505,1,2,11,11,11,,,,,,,,,,,,,,,,,,,,,,,,
506,1,2,10,10,10,,,,,,,,,,,,,,,,,,,,,,,,
507,1,2,4,4,4,,,,,,,,,,,,,,,,,,,,,,,,
508,1,2,13,13,13,,,,,,,,,,,,,,,,,,,,,,,,
509,1,5,20,20,7,7,12,13,,,,,,,,,,,,,,,,,,,,,
510,1,2,14,14,14,,,,,,,,,,,,,,,,,,,,,,,,
511,1,2,22,22,22,,,,,,,,,,,,,,,,,,,,,,,,
512,1,5,36,36,19,20,22,18,,,,,,,,,,,,,,,,,,,,,
513,2,8,48,48,23,21,16,19,21,19,19,,,,,,,,,,,,,,,,,,
514,2,2,11,11,11,,,,,,,,,,,,,,,,,,,,,,,,
515,1,5,37,37,18,18,22,15,,,,,,,,,,,,,,,,,,,,,
516,2,3,18,18,15,11,,,,,,,,,,,,,,,,,,,,,,,
517,1,2,11,11,11,,,,,,,,,,,,,,,,,,,,,,,,
518,1,3,17,17,12,13,,,,,,,,,,,,,,,,,,,,,,,
519,2,2,19,19,19,,,,,,,,,,,,,,,,,,,,,,,,
520,1,3,18,18,18,11,,,,,,,,,,,,,,,,,,,,,,,
521,1,4,16,16,9,12,13,,,,,,,,,,,,,,,,,,,,,,
522,1,2,11,11,11,,,,,,,,,,,,,,,,,,,,,,,,
523,1,5,29,29,18,19,20,10,,,,,,,,,,,,,,,,,,,,,
524,1,3,27,27,20,19,,,,,,,,,,,,,,,,,,,,,,,
525,1,5,32,32,22,24,20,20,,,,,,,,,,,,,,,,,,,,,
526,1,3,17,17,15,11,,,,,,,,,,,,,,,,,,,,,,,
527,1,5,25,25,18,15,12,12,,,,,,,,,,,,,,,,,,,,,
528,1,2,12,12,12,,,,,,,,,,,,,,,,,,,,,,,,
529,1,2,3,3,3,,,,,,,,,,,,,,,,,,,,,,,,
530,1,2,12,12,12,,,,,,,,,,,,,,,,,,,,,,,,
531,2,4,25,25,15,18,18,,,,,,,,,,,,,,,,,,,,,,
532,2,2,9,9,9,,,,,,,,,,,,,,,,,,,,,,,,
533,1,2,16,16,16,,,,,,,,,,,,,,,,,,,,,,,,
534,1,2,15,15,15,,,,,,,,,,,,,,,,,,,,,,,,
535,2,11,64,64,17,18,14,17,19,18,16,21,24,19,,,,,,,,,,,,,,,
536,1,2,6,6,6,,,,,,,,,,,,,,,,,,,,,,,,
537,1,9,49,49,17,16,17,20,18,18,18,19,,,,,,,,,,,,,,,,,
538,1,4,29,29,21,21,11,,,,,,,,,,,,,,,,,,,,,,
539,1,5,34,34,17,20,23,15,,,,,,,,,,,,,,,,,,,,,
540,1,4,34,34,20,20,18,,,,,,,,,,,,,,,,,,,,,,
541,1,8,67,67,18,21,19,22,25,22,26,,,,,,,,,,,,,,,,,,
542,1,2,4,4,4,,,,,,,,,,,,,,,,,,,,,,,,
543,1,5,26,26,13,13,16,16,,,,,,,,,,,,,,,,,,,,,
544,2,10,55,55,17,14,15,23,29,26,15,13,9,,,,,,,,,,,,,,,,
545,1,7,36,36,12,13,16,14,19,19,,,,,,,,,,,,,,,,,,,
546,1,2,15,15,15,,,,,,,,,,,,,,,,,,,,,,,,
547,1,5,41,41,19,20,17,18,,,,,,,,,,,,,,,,,,,,,
548,2,4,24,24,18,15,10,,,,,,,,,,,,,,,,,,,,,,
549,1,6,40,40,17,20,17,16,14,,,,,,,,,,,,,,,,,,,,
550,1,2,23,23,23,,,,,,,,,,,,,,,,,,,,,,,,
551,1,2,11,11,11,,,,,,,,,,,,,,,,,,,,,,,,
552,1,2,6,6,6,,,,,,,,,,,,,,,,,,,,,,,,
553,2,2,14,14,14,,,,,,,,,,,,,,,,,,,,,,,,
554,2,2,12,12,12,,,,,,,,,,,,,,,,,,,,,,,,
555,1,2,3,3,3,,,,,,,,,,,,,,,,,,,,,,,,
556,1,2,21,21,21,,,,,,,,,,,,,,,,,,,,,,,,
557,1,3,18,18,13,13,,,,,,,,,,,,,,,,,,,,,,,
558,2,16,68,68,19,16,15,13,16,16,18,18,18,25,19,18,19,17,14,,,,,,,,,,
559,1,5,37,37,25,22,18,14,,,,,,,,,,,,,,,,,,,,,
560,1,2,16,16,16,,,,,,,,,,,,,,,,,,,,,,,,
561,1,3,13,13,12,5,,,,,,,,,,,,,,,,,,,,,,,
562,1,2,10,10,10,,,,,,,,,,,,,,,,,,,,,,,,
563,1,2,13,13,13,,,,,,,,,,,,,,,,,,,,,,,,
564,1,5,40,40,23,27,23,15,,,,,,,,,,,,,,,,,,,,,
565,1,3,22,22,21,16,,,,,,,,,,,,,,,,,,,,,,,
566,1,2,14,14,14,,,,,,,,,,,,,,,,,,,,,,,,
567,1,8,55,55,21,25,24,14,18,22,17,,,,,,,,,,,,,,,,,,
568,2,8,39,39,17,21,18,13,11,17,15,,,,,,,,,,,,,,,,,,
569,1,2,25,25,25,,,,,,,,,,,,,,,,,,,,,,,,
570,1,2,16,16,16,,,,,,,,,,,,,,,,,,,,,,,,
571,1,2,11,11,11,,,,,,,,,,,,,,,,,,,,,,,,
572,1,2,12,12,12,,,,,,,,,,,,,,,,,,,,,,,,
573,1,2,15,15,15,,,,,,,,,,,,,,,,,,,,,,,,
574,1,2,9,9,9,,,,,,,,,,,,,,,,,,,,,,,,
575,1,6,38,38,18,25,17,14,16,,,,,,,,,,,,,,,,,,,,
576,1,6,46,46,19,21,23,20,17,,,,,,,,,,,,,,,,,,,,
577,2,6,32,32,17,15,18,15,10,,,,,,,,,,,,,,,,,,,,
578,1,4,30,30,25,18,9,,,,,,,,,,,,,,,,,,,,,,
579,1,4,38,38,28,23,16,,,,,,,,,,,,,,,,,,,,,,
580,1,6,22,22,8,9,11,11,11,,,,,,,,,,,,,,,,,,,,
581,3,14,70,70,16,16,22,19,21,16,19,21,19,10,20,22,12,,,,,,,,,,,,
582,1,2,17,17,17,,,,,,,,,,,,,,,,,,,,,,,,
583,1,2,1,1,1,,,,,,,,,,,,,,,,,,,,,,,,
584,1,2,8,8,8,,,,,,,,,,,,,,,,,,,,,,,,
585,1,2,17,17,17,,,,,,,,,,,,,,,,,,,,,,,,
586,1,2,5,5,5,,,,,,,,,,,,,,,,,,,,,,,,
587,1,2,13,13,13,,,,,,,,,,,,,,,,,,,,,,,,
588,1,2,12,12,12,,,,,,,,,,,,,,,,,,,,,,,,
589,1,4,30,30,20,21,17,,,,,,,,,,,,,,,,,,,,,,
590,1,2,11,11,11,,,,,,,,,,,,,,,,,,,,,,,,
591,2,9,57,57,22,22,19,18,26,22,16,15,,,,,,,,,,,,,,,,,
592,1,4,32,32,20,24,16,,,,,,,,,,,,,,,,,,,,,,
593,2,4,19,19,18,16,8,,,,,,,,,,,,,,,,,,,,,,
594,1,2,11,11,11,,,,,,,,,,,,,,,,,,,,,,,,
595,2,5,29,29,11,13,21,13,,,,,,,,,,,,,,,,,,,,,
596,1,5,43,43,18,20,22,24,,,,,,,,,,,,,,,,,,,,,
597,1,2,9,9,9,,,,,,,,,,,,,,,,,,,,,,,,
598,1,5,30,30,15,17,21,10,,,,,,,,,,,,,,,,,,,,,
599,1,3,15,15,14,9,,,,,,,,,,,,,,,,,,,,,,,
600,1,6,42,42,22,22,18,22,21,,,,,,,,,,,,,,,,,,,,
601,1,4,16,16,14,11,4,,,,,,,,,,,,,,,,,,,,,,
602,2,3,17,17,17,11,,,,,,,,,,,,,,,,,,,,,,,
603,1,2,21,21,21,,,,,,,,,,,,,,,,,,,,,,,,
604,1,2,10,10,10,,,,,,,,,,,,,,,,,,,,,,,,
605,1,2,10,10,10,,,,,,,,,,,,,,,,,,,,,,,,
606,2,2,21,21,21,,,,,,,,,,,,,,,,,,,,,,,,
607,1,4,21,21,17,17,8,,,,,,,,,,,,,,,,,,,,,,
608,2,4,19,19,18,16,8,,,,,,,,,,,,,,,,,,,,,,
609,1,3,22,22,16,16,,,,,,,,,,,,,,,,,,,,,,,
610,2,6,45,45,22,18,18,19,21,,,,,,,,,,,,,,,,,,,,
611,1,2,10,10,10,,,,,,,,,,,,,,,,,,,,,,,,
612,1,3,20,20,16,16,,,,,,,,,,,,,,,,,,,,,,,
613,1,3,13,13,11,8,,,,,,,,,,,,,,,,,,,,,,,
614,1,2,9,9,9,,,,,,,,,,,,,,,,,,,,,,,,
615,2,2,21,21,21,,,,,,,,,,,,,,,,,,,,,,,,
616,1,2,21,21,21,,,,,,,,,,,,,,,,,,,,,,,,
617,1,2,4,4,4,,,,,,,,,,,,,,,,,,,,,,,,
618,1,2,8,8,8,,,,,,,,,,,,,,,,,,,,,,,,
619,1,2,5,5,5,,,,,,,,,,,,,,,,,,,,,,,,
620,1,5,34,34,23,20,20,14,,,,,,,,,,,,,,,,,,,,,
621,1,2,18,18,18,,,,,,,,,,,,,,,,,,,,,,,,
622,1,2,5,5,5,,,,,,,,,,,,,,,,,,,,,,,,
623,1,13,72,72,26,23,20,21,23,26,21,19,17,20,20,15,,,,,,,,,,,,,
624,1,2,15,15,15,,,,,,,,,,,,,,,,,,,,,,,,
625,1,3,17,17,14,13,,,,,,,,,,,,,,,,,,,,,,,
626,1,3,30,30,29,21,,,,,,,,,,,,,,,,,,,,,,,
627,1,7,50,50,19,26,21,19,14,12,,,,,,,,,,,,,,,,,,,
628,1,2,11,11,11,,,,,,,,,,,,,,,,,,,,,,,,
629,1,2,16,16,16,,,,,,,,,,,,,,,,,,,,,,,,
630,1,2,12,12,12,,,,,,,,,,,,,,,,,,,,,,,,
631,1,2,7,7,7,,,,,,,,,,,,,,,,,,,,,,,,
632,1,2,17,17,17,,,,,,,,,,,,,,,,,,,,,,,,
633,1,2,22,22,22,,,,,,,,,,,,,,,,,,,,,,,,
634,2,3,20,20,17,12,,,,,,,,,,,,,,,,,,,,,,,
635,1,7,45,45,22,18,16,20,21,11,,,,,,,,,,,,,,,,,,,
636,1,2,2,2,2,,,,,,,,,,,,,,,,,,,,,,,,
637,1,2,10,10,10,,,,,,,,,,,,,,,,,,,,,,,,
638,1,3,24,24,20,14,,,,,,,,,,,,,,,,,,,,,,,
639,1,2,13,13,13,,,,,,,,,,,,,,,,,,,,,,,,
640,1,10,57,57,19,27,23,14,13,13,15,18,17,,,,,,,,,,,,,,,,
641,1,2,11,11,11,,,,,,,,,,,,,,,,,,,,,,,,
642,1,2,12,12,12,,,,,,,,,,,,,,,,,,,,,,,,
643,1,2,11,11,11,,,,,,,,,,,,,,,,,,,,,,,,
644,1,2,17,17,17,,,,,,,,,,,,,,,,,,,,,,,,
645,2,17,86,86,16,10,17,21,25,26,21,17,19,19,16,20,27,21,23,26,,,,,,,,,
646,1,2,13,13,13,,,,,,,,,,,,,,,,,,,,,,,,
647,1,2,9,9,9,,,,,,,,,,,,,,,,,,,,,,,,
648,1,6,38,38,16,14,21,21,16,,,,,,,,,,,,,,,,,,,,
649,1,2,18,18,18,,,,,,,,,,,,,,,,,,,,,,,,
650,1,2,19,19,19,,,,,,,,,,,,,,,,,,,,,,,,
651,1,4,27,27,15,17,18,,,,,,,,,,,,,,,,,,,,,,
652,1,3,25,25,18,22,,,,,,,,,,,,,,,,,,,,,,,
653,2,7,42,42,17,19,19,21,20,14,,,,,,,,,,,,,,,,,,,
654,1,3,26,26,15,19,,,,,,,,,,,,,,,,,,,,,,,
655,1,4,27,27,22,19,14,,,,,,,,,,,,,,,,,,,,,,
656,1,4,27,27,15,23,14,,,,,,,,,,,,,,,,,,,,,,
657,1,4,34,34,26,18,13,,,,,,,,,,,,,,,,,,,,,,
658,2,6,41,41,18,22,22,16,18,,,,,,,,,,,,,,,,,,,,
659,1,2,12,12,12,,,,,,,,,,,,,,,,,,,,,,,,
660,1,18,71,71,12,10,17,17,16,15,17,20,21,15,13,13,14,16,12,11,14,,,,,,,,
661,1,3,28,28,22,21,,,,,,,,,,,,,,,,,,,,,,,
662,1,2,16,16,16,,,,,,,,,,,,,,,,,,,,,,,,
663,1,2,7,7,7,,,,,,,,,,,,,,,,,,,,,,,,
664,1,2,17,17,17,,,,,,,,,,,,,,,,,,,,,,,,
665,1,3,14,14,13,10,,,,,,,,,,,,,,,,,,,,,,,
666,1,2,20,20,20,,,,,,,,,,,,,,,,,,,,,,,,
667,1,3,18,18,17,11,,,,,,,,,,,,,,,,,,,,,,,
668,2,2,13,13,13,,,,,,,,,,,,,,,,,,,,,,,,
669,1,5,32,32,17,20,21,11,,,,,,,,,,,,,,,,,,,,,
670,1,4,29,29,16,20,19,,,,,,,,,,,,,,,,,,,,,,
671,2,2,10,10,10,,,,,,,,,,,,,,,,,,,,,,,,
672,1,2,5,5,5,,,,,,,,,,,,,,,,,,,,,,,,
673,1,7,40,40,14,15,17,17,17,18,,,,,,,,,,,,,,,,,,,
674,1,2,16,16,16,,,,,,,,,,,,,,,,,,,,,,,,
675,1,4,33,33,25,24,13,,,,,,,,,,,,,,,,,,,,,,
676,1,7,44,44,18,17,22,20,16,18,,,,,,,,,,,,,,,,,,,
677,1,2,4,4,4,,,,,,,,,,,,,,,,,,,,,,,,
678,1,6,38,38,23,18,16,16,15,,,,,,,,,,,,,,,,,,,,
679,1,2,13,13,13,,,,,,,,,,,,,,,,,,,,,,,,
680,1,10,58,58,22,20,12,20,22,20,18,24,24,,,,,,,,,,,,,,,,
681,1,2,18,18,18,,,,,,,,,,,,,,,,,,,,,,,,
682,1,3,24,24,22,17,,,,,,,,,,,,,,,,,,,,,,,
683,1,4,26,26,17,23,14,,,,,,,,,,,,,,,,,,,,,,
684,1,4,26,26,16,17,12,,,,,,,,,,,,,,,,,,,,,,
685,1,2,19,19,19,,,,,,,,,,,,,,,,,,,,,,,,
686,1,3,28,28,24,21,,,,,,,,,,,,,,,,,,,,,,,
687,1,3,16,16,15,8,,,,,,,,,,,,,,,,,,,,,,,
688,1,6,47,47,18,23,24,25,18,,,,,,,,,,,,,,,,,,,,
689,2,4,29,29,14,21,20,,,,,,,,,,,,,,,,,,,,,,
690,1,2,2,2,2,,,,,,,,,,,,,,,,,,,,,,,,
691,1,3,21,21,21,15,,,,,,,,,,,,,,,,,,,,,,,
692,1,3,18,18,18,14,,,,,,,,,,,,,,,,,,,,,,,
693,2,9,44,44,11,11,16,19,20,16,18,11,,,,,,,,,,,,,,,,,
694,1,6,32,32,15,17,17,19,18,,,,,,,,,,,,,,,,,,,,
695,1,2,20,20,20,,,,,,,,,,,,,,,,,,,,,,,,
696,2,7,39,39,19,19,18,17,16,19,,,,,,,,,,,,,,,,,,,
697,1,2,14,14,14,,,,,,,,,,,,,,,,,,,,,,,,
698,2,15,69,69,18,17,21,15,11,12,16,18,15,14,14,15,17,8,,,,,,,,,,,
699,1,3,23,23,22,16,,,,,,,,,,,,,,,,,,,,,,,
700,2,4,17,17,15,11,8,,,,,,,,,,,,,,,,,,,,,,
701,1,2,5,5,5,,,,,,,,,,,,,,,,,,,,,,,,
702,1,2,15,15,15,,,,,,,,,,,,,,,,,,,,,,,,
703,2,7,46,46,19,18,18,20,23,12,,,,,,,,,,,,,,,,,,,
704,1,3,27,27,16,18,,,,,,,,,,,,,,,,,,,,,,,
705,2,3,17,17,15,14,,,,,,,,,,,,,,,,,,,,,,,
706,2,2,18,18,18,,,,,,,,,,,,,,,,,,,,,,,,
707,1,4,16,16,14,11,8,,,,,,,,,,,,,,,,,,,,,,
708,1,2,10,10,10,,,,,,,,,,,,,,,,,,,,,,,,
709,2,2,9,9,9,,,,,,,,,,,,,,,,,,,,,,,,
710,1,4,24,24,18,22,13,,,,,,,,,,,,,,,,,,,,,,
711,1,2,10,10,10,,,,,,,,,,,,,,,,,,,,,,,,
712,1,7,39,39,17,20,20,15,11,5,,,,,,,,,,,,,,,,,,,
713,1,3,21,21,20,17,,,,,,,,,,,,,,,,,,,,,,,
714,1,2,12,12,12,,,,,,,,,,,,,,,,,,,,,,,,
715,1,5,35,35,16,11,20,18,,,,,,,,,,,,,,,,,,,,,
716,1,3,25,25,23,16,,,,,,,,,,,,,,,,,,,,,,,
717,1,4,34,34,24,25,10,,,,,,,,,,,,,,,,,,,,,,
718,1,2,18,18,18,,,,,,,,,,,,,,,,,,,,,,,,
719,1,2,24,24,24,,,,,,,,,,,,,,,,,,,,,,,,
720,1,2,9,9,9,,,,,,,,,,,,,,,,,,,,,,,,
721,1,2,17,17,17,,,,,,,,,,,,,,,,,,,,,,,,
722,1,2,10,10,10,,,,,,,,,,,,,,,,,,,,,,,,
723,1,9,51,51,24,20,16,21,18,21,15,11,,,,,,,,,,,,,,,,,
724,1,2,19,19,19,,,,,,,,,,,,,,,,,,,,,,,,
725,1,2,16,16,16,,,,,,,,,,,,,,,,,,,,,,,,
726,1,2,17,17,17,,,,,,,,,,,,,,,,,,,,,,,,
727,1,2,20,20,20,,,,,,,,,,,,,,,,,,,,,,,,
728,1,3,13,13,10,7,,,,,,,,,,,,,,,,,,,,,,,
729,1,4,23,23,18,13,13,,,,,,,,,,,,,,,,,,,,,,
730,1,2,11,11,11,,,,,,,,,,,,,,,,,,,,,,,,
731,1,2,11,11,11,,,,,,,,,,,,,,,,,,,,,,,,
732,1,7,42,42,14,16,23,20,17,12,,,,,,,,,,,,,,,,,,,
733,1,2,9,9,9,,,,,,,,,,,,,,,,,,,,,,,,
734,1,7,36,36,14,17,19,18,12,9,,,,,,,,,,,,,,,,,,,
735,1,2,18,18,18,,,,,,,,,,,,,,,,,,,,,,,,
736,1,2,20,20,20,,,,,,,,,,,,,,,,,,,,,,,,
737,1,3,14,14,14,9,,,,,,,,,,,,,,,,,,,,,,,
738,1,2,3,3,3,,,,,,,,,,,,,,,,,,,,,,,,
739,1,6,40,40,23,20,19,25,15,,,,,,,,,,,,,,,,,,,,
740,1,2,13,13,13,,,,,,,,,,,,,,,,,,,,,,,,
741,1,2,6,6,6,,,,,,,,,,,,,,,,,,,,,,,,
742,1,2,18,18,18,,,,,,,,,,,,,,,,,,,,,,,,
743,1,2,14,14,14,,,,,,,,,,,,,,,,,,,,,,,,
744,1,3,25,25,20,16,,,,,,,,,,,,,,,,,,,,,,,
745,1,5,36,36,22,28,22,15,,,,,,,,,,,,,,,,,,,,,
746,1,5,35,35,21,23,18,13,,,,,,,,,,,,,,,,,,,,,
747,1,3,22,22,21,14,,,,,,,,,,,,,,,,,,,,,,,
748,1,8,45,45,15,17,22,20,13,17,15,,,,,,,,,,,,,,,,,,
749,1,2,14,14,14,,,,,,,,,,,,,,,,,,,,,,,,
750,1,2,19,19,19,,,,,,,,,,,,,,,,,,,,,,,,
751,1,2,21,21,21,,,,,,,,,,,,,,,,,,,,,,,,
752,1,2,11,11,11,,,,,,,,,,,,,,,,,,,,,,,,
753,1,2,18,18,18,,,,,,,,,,,,,,,,,,,,,,,,
754,1,4,20,20,17,14,14,,,,,,,,,,,,,,,,,,,,,,
755,1,4,25,25,17,12,12,,,,,,,,,,,,,,,,,,,,,,
756,1,3,19,19,15,17,,,,,,,,,,,,,,,,,,,,,,,
757,1,2,17,17,17,,,,,,,,,,,,,,,,,,,,,,,,
758,2,2,21,21,21,,,,,,,,,,,,,,,,,,,,,,,,
759,1,2,18,18,18,,,,,,,,,,,,,,,,,,,,,,,,
760,2,2,14,14,14,,,,,,,,,,,,,,,,,,,,,,,,
761,1,2,7,7,7,,,,,,,,,,,,,,,,,,,,,,,,
762,1,2,17,17,17,,,,,,,,,,,,,,,,,,,,,,,,
763,1,2,13,13,13,,,,,,,,,,,,,,,,,,,,,,,,
764,1,4,23,23,13,16,11,,,,,,,,,,,,,,,,,,,,,,
765,1,2,18,18,18,,,,,,,,,,,,,,,,,,,,,,,,
766,2,7,45,45,17,19,21,25,20,16,,,,,,,,,,,,,,,,,,,
767,1,6,37,37,12,17,17,16,21,,,,,,,,,,,,,,,,,,,,
768,1,2,8,8,8,,,,,,,,,,,,,,,,,,,,,,,,
769,2,2,17,17,17,,,,,,,,,,,,,,,,,,,,,,,,
770,1,2,6,6,6,,,,,,,,,,,,,,,,,,,,,,,,
771,1,3,22,22,21,14,,,,,,,,,,,,,,,,,,,,,,,
772,2,7,49,49,22,21,18,17,20,17,,,,,,,,,,,,,,,,,,,
773,1,2,17,17,17,,,,,,,,,,,,,,,,,,,,,,,,
774,1,4,32,32,21,22,16,,,,,,,,,,,,,,,,,,,,,,
775,1,2,13,13,13,,,,,,,,,,,,,,,,,,,,,,,,
776,1,2,16,16,16,,,,,,,,,,,,,,,,,,,,,,,,
777,1,2,17,17,17,,,,,,,,,,,,,,,,,,,,,,,,
778,1,2,4,4,4,,,,,,,,,,,,,,,,,,,,,,,,
779,1,6,34,34,18,17,16,14,16,,,,,,,,,,,,,,,,,,,,
780,1,2,20,20,20,,,,,,,,,,,,,,,,,,,,,,,,
781,1,2,20,20,20,,,,,,,,,,,,,,,,,,,,,,,,
782,3,12,62,62,19,16,18,23,22,20,21,19,16,15,13,,,,,,,,,,,,,,
783,1,3,23,23,18,18,,,,,,,,,,,,,,,,,,,,,,,
784,1,4,28,28,12,19,22,,,,,,,,,,,,,,,,,,,,,,
785,1,2,14,14,14,,,,,,,,,,,,,,,,,,,,,,,,
786,2,2,17,17,17,,,,,,,,,,,,,,,,,,,,,,,,
787,1,7,43,43,18,19,19,16,18,11,,,,,,,,,,,,,,,,,,,
788,1,2,8,8,8,,,,,,,,,,,,,,,,,,,,,,,,
789,1,2,13,13,13,,,,,,,,,,,,,,,,,,,,,,,,
790,1,2,7,7,7,,,,,,,,,,,,,,,,,,,,,,,,
791,2,8,54,54,20,20,12,18,21,21,16,,,,,,,,,,,,,,,,,,
792,1,3,21,21,20,9,,,,,,,,,,,,,,,,,,,,,,,
793,1,2,18,18,18,,,,,,,,,,,,,,,,,,,,,,,,
794,1,6,33,33,17,15,16,19,15,,,,,,,,,,,,,,,,,,,,
795,1,3,23,23,20,16,,,,,,,,,,,,,,,,,,,,,,,
796,1,2,4,4,4,,,,,,,,,,,,,,,,,,,,,,,,
797,1,3,27,27,24,18,,,,,,,,,,,,,,,,,,,,,,,
798,1,3,27,27,20,24,,,,,,,,,,,,,,,,,,,,,,,
799,1,2,3,3,3,,,,,,,,,,,,,,,,,,,,,,,,
800,1,2,18,18,18,,,,,,,,,,,,,,,,,,,,,,,,
801,1,2,7,7,7,,,,,,,,,,,,,,,,,,,,,,,,
802,1,3,20,20,18,14,,,,,,,,,,,,,,,,,,,,,,,
803,1,2,14,14,14,,,,,,,,,,,,,,,,,,,,,,,,
804,1,2,17,17,17,,,,,,,,,,,,,,,,,,,,,,,,
805,1,2,5,5,5,,,,,,,,,,,,,,,,,,,,,,,,
806,1,2,10,10,10,,,,,,,,,,,,,,,,,,,,,,,,
807,1,2,24,24,24,,,,,,,,,,,,,,,,,,,,,,,,
808,2,10,52,52,21,21,16,17,15,15,17,15,10,,,,,,,,,,,,,,,,
809,1,7,47,47,18,19,22,27,20,14,,,,,,,,,,,,,,,,,,,
810,1,4,41,41,33,26,16,,,,,,,,,,,,,,,,,,,,,,
811,1,2,11,11,11,,,,,,,,,,,,,,,,,,,,,,,,
812,1,2,23,23,23,,,,,,,,,,,,,,,,,,,,,,,,
813,1,5,21,21,12,13,11,8,,,,,,,,,,,,,,,,,,,,,
814,1,2,14,14,14,,,,,,,,,,,,,,,,,,,,,,,,
815,1,2,14,14,14,,,,,,,,,,,,,,,,,,,,,,,,
816,2,2,19,19,19,,,,,,,,,,,,,,,,,,,,,,,,
817,1,3,24,24,21,14,,,,,,,,,,,,,,,,,,,,,,,
818,1,2,13,13,13,,,,,,,,,,,,,,,,,,,,,,,,
819,1,2,15,15,15,,,,,,,,,,,,,,,,,,,,,,,,
820,1,2,20,20,20,,,,,,,,,,,,,,,,,,,,,,,,
821,1,3,17,17,15,11,,,,,,,,,,,,,,,,,,,,,,,
822,1,2,10,10,10,,,,,,,,,,,,,,,,,,,,,,,,
823,1,2,17,17,17,,,,,,,,,,,,,,,,,,,,,,,,
824,1,3,24,24,21,17,,,,,,,,,,,,,,,,,,,,,,,
825,1,2,9,9,9,,,,,,,,,,,,,,,,,,,,,,,,
826,1,2,7,7,7,,,,,,,,,,,,,,,,,,,,,,,,
827,1,5,30,30,18,22,20,10,,,,,,,,,,,,,,,,,,,,,
828,1,2,4,4,4,,,,,,,,,,,,,,,,,,,,,,,,
829,1,2,14,14,14,,,,,,,,,,,,,,,,,,,,,,,,
830,1,2,11,11,11,,,,,,,,,,,,,,,,,,,,,,,,
831,1,2,7,7,7,,,,,,,,,,,,,,,,,,,,,,,,
832,1,2,12,12,12,,,,,,,,,,,,,,,,,,,,,,,,
833,1,2,17,17,17,,,,,,,,,,,,,,,,,,,,,,,,
834,1,2,22,22,22,,,,,,,,,,,,,,,,,,,,,,,,
835,1,2,9,9,9,,,,,,,,,,,,,,,,,,,,,,,,
836,1,4,28,28,13,18,17,,,,,,,,,,,,,,,,,,,,,,
837,1,2,4,4,4,,,,,,,,,,,,,,,,,,,,,,,,
838,1,3,15,15,14,12,,,,,,,,,,,,,,,,,,,,,,,
839,1,3,17,17,15,11,,,,,,,,,,,,,,,,,,,,,,,
840,1,3,23,23,22,14,,,,,,,,,,,,,,,,,,,,,,,
841,1,3,20,20,19,17,,,,,,,,,,,,,,,,,,,,,,,
842,1,2,4,4,4,,,,,,,,,,,,,,,,,,,,,,,,
843,1,2,16,16,16,,,,,,,,,,,,,,,,,,,,,,,,
844,1,2,13,13,13,,,,,,,,,,,,,,,,,,,,,,,,
845,1,3,19,19,18,12,,,,,,,,,,,,,,,,,,,,,,,
846,1,2,17,17,17,,,,,,,,,,,,,,,,,,,,,,,,
847,2,5,28,28,17,17,16,10,,,,,,,,,,,,,,,,,,,,,
848,1,5,30,30,12,18,14,12,,,,,,,,,,,,,,,,,,,,,
849,2,12,70,70,18,22,20,20,19,18,23,23,22,21,24,,,,,,,,,,,,,,
850,1,2,11,11,11,,,,,,,,,,,,,,,,,,,,,,,,
851,1,4,23,23,19,15,11,,,,,,,,,,,,,,,,,,,,,,
852,1,2,12,12,12,,,,,,,,,,,,,,,,,,,,,,,,
853,2,4,18,18,13,13,6,,,,,,,,,,,,,,,,,,,,,,
854,1,6,36,36,21,20,14,16,16,,,,,,,,,,,,,,,,,,,,
855,1,2,10,10,10,,,,,,,,,,,,,,,,,,,,,,,,
856,1,3,22,22,18,18,,,,,,,,,,,,,,,,,,,,,,,
857,1,4,23,23,18,17,8,,,,,,,,,,,,,,,,,,,,,,
858,1,3,15,15,14,9,,,,,,,,,,,,,,,,,,,,,,,
859,1,2,11,11,11,,,,,,,,,,,,,,,,,,,,,,,,
860,1,2,6,6,6,,,,,,,,,,,,,,,,,,,,,,,,
861,1,6,23,23,10,15,12,13,8,,,,,,,,,,,,,,,,,,,,
862,1,2,5,5,5,,,,,,,,,,,,,,,,,,,,,,,,
863,1,2,17,17,17,,,,,,,,,,,,,,,,,,,,,,,,
864,1,2,12,12,12,,,,,,,,,,,,,,,,,,,,,,,,
865,2,3,20,20,13,17,,,,,,,,,,,,,,,,,,,,,,,
866,1,2,15,15,15,,,,,,,,,,,,,,,,,,,,,,,,
867,1,2,9,9,9,,,,,,,,,,,,,,,,,,,,,,,,
868,1,2,11,11,11,,,,,,,,,,,,,,,,,,,,,,,,
869,1,4,28,28,18,19,16,,,,,,,,,,,,,,,,,,,,,,
870,1,2,14,14,14,,,,,,,,,,,,,,,,,,,,,,,,
871,1,3,20,20,17,16,,,,,,,,,,,,,,,,,,,,,,,
872,1,4,9,9,5,6,5,,,,,,,,,,,,,,,,,,,,,,
873,1,4,26,26,13,17,14,,,,,,,,,,,,,,,,,,,,,,
874,1,2,8,8,8,,,,,,,,,,,,,,,,,,,,,,,,
875,1,2,4,4,4,,,,,,,,,,,,,,,,,,,,,,,,
876,1,3,20,20,19,17,,,,,,,,,,,,,,,,,,,,,,,
877,2,4,29,29,17,20,15,,,,,,,,,,,,,,,,,,,,,,
878,1,7,30,30,18,14,15,13,13,13,,,,,,,,,,,,,,,,,,,
879,1,2,11,11,11,,,,,,,,,,,,,,,,,,,,,,,,
880,1,2,11,11,11,,,,,,,,,,,,,,,,,,,,,,,,
881,1,3,18,18,16,11,,,,,,,,,,,,,,,,,,,,,,,
882,1,2,10,10,10,,,,,,,,,,,,,,,,,,,,,,,,
883,1,2,10,10,10,,,,,,,,,,,,,,,,,,,,,,,,
884,1,3,23,23,19,21,,,,,,,,,,,,,,,,,,,,,,,
885,1,3,20,20,13,14,,,,,,,,,,,,,,,,,,,,,,,
886,1,3,17,17,17,12,,,,,,,,,,,,,,,,,,,,,,,
887,1,2,17,17,17,,,,,,,,,,,,,,,,,,,,,,,,
888,2,2,16,16,16,,,,,,,,,,,,,,,,,,,,,,,,
889,1,3,19,19,18,15,,,,,,,,,,,,,,,,,,,,,,,
890,1,2,12,12,12,,,,,,,,,,,,,,,,,,,,,,,,
891,2,13,55,55,11,11,12,12,12,13,12,9,14,15,16,12,,,,,,,,,,,,,
892,1,4,35,35,16,17,26,,,,,,,,,,,,,,,,,,,,,,
893,1,7,36,36,18,16,21,17,13,15,,,,,,,,,,,,,,,,,,,
894,1,2,17,17,17,,,,,,,,,,,,,,,,,,,,,,,,
895,1,2,14,14,14,,,,,,,,,,,,,,,,,,,,,,,,
896,1,2,17,17,17,,,,,,,,,,,,,,,,,,,,,,,,
897,1,2,13,13,13,,,,,,,,,,,,,,,,,,,,,,,,
898,1,2,11,11,11,,,,,,,,,,,,,,,,,,,,,,,,
899,2,11,59,59,23,19,11,15,19,20,12,11,15,19,,,,,,,,,,,,,,,
900,2,2,18,18,18,,,,,,,,,,,,,,,,,,,,,,,,
901,1,2,28,28,28,,,,,,,,,,,,,,,,,,,,,,,,
902,2,6,39,39,16,20,23,15,9,,,,,,,,,,,,,,,,,,,,
903,1,6,30,30,18,15,16,12,14,,,,,,,,,,,,,,,,,,,,
904,1,4,22,22,13,16,17,,,,,,,,,,,,,,,,,,,,,,
905,1,2,19,19,19,,,,,,,,,,,,,,,,,,,,,,,,
906,1,7,40,40,15,16,14,15,17,20,,,,,,,,,,,,,,,,,,,
907,1,2,16,16,16,,,,,,,,,,,,,,,,,,,,,,,,
908,1,5,32,32,18,17,18,17,,,,,,,,,,,,,,,,,,,,,
909,1,2,9,9,9,,,,,,,,,,,,,,,,,,,,,,,,
910,2,7,27,27,14,17,16,9,9,12,,,,,,,,,,,,,,,,,,,
911,1,4,35,35,21,20,18,,,,,,,,,,,,,,,,,,,,,,
912,1,2,16,16,16,,,,,,,,,,,,,,,,,,,,,,,,
913,1,6,39,39,16,18,16,16,18,,,,,,,,,,,,,,,,,,,,
914,1,2,11,11,11,,,,,,,,,,,,,,,,,,,,,,,,
915,2,3,38,38,32,22,,,,,,,,,,,,,,,,,,,,,,,
916,1,2,13,13,13,,,,,,,,,,,,,,,,,,,,,,,,
917,1,2,23,23,23,,,,,,,,,,,,,,,,,,,,,,,,
918,1,2,9,9,9,,,,,,,,,,,,,,,,,,,,,,,,
919,3,6,47,47,19,16,25,27,22,,,,,,,,,,,,,,,,,,,,
920,1,2,22,22,22,,,,,,,,,,,,,,,,,,,,,,,,
921,1,3,19,19,18,16,,,,,,,,,,,,,,,,,,,,,,,
922,1,13,58,58,13,14,7,8,15,15,11,11,19,19,16,16,,,,,,,,,,,,,
923,1,2,17,17,17,,,,,,,,,,,,,,,,,,,,,,,,
924,1,2,14,14,14,,,,,,,,,,,,,,,,,,,,,,,,
925,1,2,11,11,11,,,,,,,,,,,,,,,,,,,,,,,,
926,2,2,3,3,3,,,,,,,,,,,,,,,,,,,,,,,,
927,1,2,12,12,12,,,,,,,,,,,,,,,,,,,,,,,,
928,1,3,19,19,18,12,,,,,,,,,,,,,,,,,,,,,,,
929,1,5,28,28,13,16,18,12,,,,,,,,,,,,,,,,,,,,,
930,1,2,8,8,8,,,,,,,,,,,,,,,,,,,,,,,,
931,1,2,4,4,4,,,,,,,,,,,,,,,,,,,,,,,,
932,1,4,36,36,23,25,23,,,,,,,,,,,,,,,,,,,,,,
933,1,8,47,47,15,21,18,17,20,18,12,,,,,,,,,,,,,,,,,,
934,1,4,23,23,19,16,8,,,,,,,,,,,,,,,,,,,,,,
935,1,2,11,11,11,,,,,,,,,,,,,,,,,,,,,,,,
936,2,2,6,6,6,,,,,,,,,,,,,,,,,,,,,,,,
937,1,2,16,16,16,,,,,,,,,,,,,,,,,,,,,,,,
938,1,2,19,19,19,,,,,,,,,,,,,,,,,,,,,,,,
939,1,2,19,19,19,,,,,,,,,,,,,,,,,,,,,,,,
940,1,2,9,9,9,,,,,,,,,,,,,,,,,,,,,,,,
941,1,2,5,5,5,,,,,,,,,,,,,,,,,,,,,,,,
942,2,4,24,24,16,17,9,,,,,,,,,,,,,,,,,,,,,,
943,1,2,10,10,10,,,,,,,,,,,,,,,,,,,,,,,,
944,1,2,3,3,3,,,,,,,,,,,,,,,,,,,,,,,,
945,1,2,10,10,10,,,,,,,,,,,,,,,,,,,,,,,,
946,1,5,32,32,14,15,20,17,,,,,,,,,,,,,,,,,,,,,
947,1,3,18,18,17,14,,,,,,,,,,,,,,,,,,,,,,,
948,2,6,41,41,18,16,14,22,21,,,,,,,,,,,,,,,,,,,,
949,1,2,3,3,3,,,,,,,,,,,,,,,,,,,,,,,,
950,2,9,57,57,13,19,18,15,18,18,23,21,,,,,,,,,,,,,,,,,
951,1,3,20,20,16,16,,,,,,,,,,,,,,,,,,,,,,,
952,1,2,12,12,12,,,,,,,,,,,,,,,,,,,,,,,,
953,1,2,9,9,9,,,,,,,,,,,,,,,,,,,,,,,,
954,1,2,19,19,19,,,,,,,,,,,,,,,,,,,,,,,,
955,1,6,41,41,21,24,17,21,22,,,,,,,,,,,,,,,,,,,,
956,2,3,15,15,14,9,,,,,,,,,,,,,,,,,,,,,,,
957,1,2,3,3,3,,,,,,,,,,,,,,,,,,,,,,,,
958,1,2,13,13,13,,,,,,,,,,,,,,,,,,,,,,,,
959,1,8,38,38,11,7,11,15,15,13,10,,,,,,,,,,,,,,,,,,
960,2,2,12,12,12,,,,,,,,,,,,,,,,,,,,,,,,
961,1,3,14,14,12,10,,,,,,,,,,,,,,,,,,,,,,,
962,1,3,18,18,18,14,,,,,,,,,,,,,,,,,,,,,,,
963,1,2,16,16,16,,,,,,,,,,,,,,,,,,,,,,,,
964,1,4,23,23,17,16,11,,,,,,,,,,,,,,,,,,,,,,
965,1,4,34,34,24,20,16,,,,,,,,,,,,,,,,,,,,,,
966,1,3,21,21,19,14,,,,,,,,,,,,,,,,,,,,,,,
967,1,2,11,11,11,,,,,,,,,,,,,,,,,,,,,,,,
968,1,5,38,38,23,20,19,12,,,,,,,,,,,,,,,,,,,,,
969,1,2,11,11,11,,,,,,,,,,,,,,,,,,,,,,,,
970,1,2,11,11,11,,,,,,,,,,,,,,,,,,,,,,,,
971,1,2,14,14,14,,,,,,,,,,,,,,,,,,,,,,,,
972,1,2,9,9,9,,,,,,,,,,,,,,,,,,,,,,,,
973,1,2,9,9,9,,,,,,,,,,,,,,,,,,,,,,,,
974,1,3,22,22,19,16,,,,,,,,,,,,,,,,,,,,,,,
975,1,4,29,29,20,21,15,,,,,,,,,,,,,,,,,,,,,,
976,1,2,19,19,19,,,,,,,,,,,,,,,,,,,,,,,,
977,1,2,10,10,10,,,,,,,,,,,,,,,,,,,,,,,,
978,1,11,61,61,18,20,21,23,29,16,12,18,18,14,,,,,,,,,,,,,,,
979,1,2,9,9,9,,,,,,,,,,,,,,,,,,,,,,,,
980,2,12,70,70,20,20,17,17,16,21,25,23,19,21,19,,,,,,,,,,,,,,
981,1,5,10,10,8,3,4,5,,,,,,,,,,,,,,,,,,,,,
982,1,2,20,20,20,,,,,,,,,,,,,,,,,,,,,,,,
983,1,2,7,7,7,,,,,,,,,,,,,,,,,,,,,,,,
984,1,2,12,12,12,,,,,,,,,,,,,,,,,,,,,,,,
985,1,2,10,10,10,,,,,,,,,,,,,,,,,,,,,,,,
986,1,2,15,15,15,,,,,,,,,,,,,,,,,,,,,,,,
987,2,7,52,52,25,18,16,18,19,14,,,,,,,,,,,,,,,,,,,
988,1,2,19,19,19,,,,,,,,,,,,,,,,,,,,,,,,
989,1,6,30,30,18,15,16,13,5,,,,,,,,,,,,,,,,,,,,
990,1,2,13,13,13,,,,,,,,,,,,,,,,,,,,,,,,
991,1,2,3,3,3,,,,,,,,,,,,,,,,,,,,,,,,
992,1,2,19,19,19,,,,,,,,,,,,,,,,,,,,,,,,
993,2,2,18,18,18,,,,,,,,,,,,,,,,,,,,,,,,
994,2,2,17,17,17,,,,,,,,,,,,,,,,,,,,,,,,
995,1,2,16,16,16,,,,,,,,,,,,,,,,,,,,,,,,
996,1,2,12,12,12,,,,,,,,,,,,,,,,,,,,,,,,
997,1,2,12,12,12,,,,,,,,,,,,,,,,,,,,,,,,
998,1,2,9,9,9,,,,,,,,,,,,,,,,,,,,,,,,
999,1,2,11,11,11,,,,,,,,,,,,,,,,,,,,,,,,
1000,2,3,25,25,24,17,,,,,,,,,,,,,,,,,,,,,,,
1001,2,3,16,16,14,9,,,,,,,,,,,,,,,,,,,,,,,
1002,1,4,19,19,15,16,14,,,,,,,,,,,,,,,,,,,,,,
1003,3,9,63,63,19,14,23,25,19,17,18,21,,,,,,,,,,,,,,,,,
1004,1,2,21,21,21,,,,,,,,,,,,,,,,,,,,,,,,
1005,1,2,12,12,12,,,,,,,,,,,,,,,,,,,,,,,,
1006,1,2,17,17,17,,,,,,,,,,,,,,,,,,,,,,,,
1007,1,2,7,7,7,,,,,,,,,,,,,,,,,,,,,,,,
1008,1,26,36,36,16,14,16,14,16,15,16,16,13,13,18,17,14,15,16,14,14,14,15,15,9,13,15,15,12
1009,1,2,22,22,22,,,,,,,,,,,,,,,,,,,,,,,,
1010,1,2,16,16,16,,,,,,,,,,,,,,,,,,,,,,,,
1011,1,2,12,12,12,,,,,,,,,,,,,,,,,,,,,,,,
1012,1,5,49,49,24,23,27,21,,,,,,,,,,,,,,,,,,,,,
1013,2,3,19,19,18,13,,,,,,,,,,,,,,,,,,,,,,,
1014,1,2,19,19,19,,,,,,,,,,,,,,,,,,,,,,,,
1015,1,9,32,32,11,11,12,9,8,10,8,5,,,,,,,,,,,,,,,,,
1016,1,2,16,16,16,,,,,,,,,,,,,,,,,,,,,,,,
1017,2,2,18,18,18,,,,,,,,,,,,,,,,,,,,,,,,
1018,1,2,11,11,11,,,,,,,,,,,,,,,,,,,,,,,,
1019,2,5,39,39,21,20,17,18,,,,,,,,,,,,,,,,,,,,,
1020,1,2,14,14,14,,,,,,,,,,,,,,,,,,,,,,,,
1021,1,2,5,5,5,,,,,,,,,,,,,,,,,,,,,,,,
1022,1,2,19,19,19,,,,,,,,,,,,,,,,,,,,,,,,
1023,2,2,17,17,17,,,,,,,,,,,,,,,,,,,,,,,,
1024,1,8,47,47,13,21,23,18,18,18,16,,,,,,,,,,,,,,,,,,
1025,1,2,22,22,22,,,,,,,,,,,,,,,,,,,,,,,,
1026,1,2,18,18,18,,,,,,,,,,,,,,,,,,,,,,,,
1027,1,2,13,13,13,,,,,,,,,,,,,,,,,,,,,,,,
1028,2,14,65,65,9,15,18,19,18,17,17,14,12,15,14,11,9,,,,,,,,,,,,
1029,1,2,14,14,14,,,,,,,,,,,,,,,,,,,,,,,,
1030,2,4,33,33,18,21,17,,,,,,,,,,,,,,,,,,,,,,
1031,1,2,13,13,13,,,,,,,,,,,,,,,,,,,,,,,,
1032,1,2,17,17,17,,,,,,,,,,,,,,,,,,,,,,,,
1033,1,2,11,11,11,,,,,,,,,,,,,,,,,,,,,,,,
1034,1,4,33,33,23,16,16,,,,,,,,,,,,,,,,,,,,,,
1035,1,2,11,11,11,,,,,,,,,,,,,,,,,,,,,,,,
1036,1,2,7,7,7,,,,,,,,,,,,,,,,,,,,,,,,
1037,2,11,68,68,16,17,19,14,19,26,21,21,22,15,,,,,,,,,,,,,,,
1038,1,4,38,38,27,23,18,,,,,,,,,,,,,,,,,,,,,,
1039,1,2,9,9,9,,,,,,,,,,,,,,,,,,,,,,,,
1040,1,2,18,18,18,,,,,,,,,,,,,,,,,,,,,,,,
1041,1,5,40,40,19,18,22,26,,,,,,,,,,,,,,,,,,,,,
1042,1,2,15,15,15,,,,,,,,,,,,,,,,,,,,,,,,
1043,1,2,18,18,18,,,,,,,,,,,,,,,,,,,,,,,,
1044,1,2,8,8,8,,,,,,,,,,,,,,,,,,,,,,,,
1045,2,2,16,16,16,,,,,,,,,,,,,,,,,,,,,,,,
1046,1,6,38,38,19,22,20,18,12,,,,,,,,,,,,,,,,,,,,
1047,1,2,21,21,21,,,,,,,,,,,,,,,,,,,,,,,,
1048,2,2,18,18,18,,,,,,,,,,,,,,,,,,,,,,,,
1049,1,2,10,10,10,,,,,,,,,,,,,,,,,,,,,,,,
1050,1,19,74,74,18,19,18,20,20,25,21,15,15,10,10,16,16,15,19,19,19,14,,,,,,,
1051,1,2,20,20,20,,,,,,,,,,,,,,,,,,,,,,,,
1052,1,2,10,10,10,,,,,,,,,,,,,,,,,,,,,,,,
1053,1,2,11,11,11,,,,,,,,,,,,,,,,,,,,,,,,
1054,1,2,19,19,19,,,,,,,,,,,,,,,,,,,,,,,,
1055,2,10,47,47,17,17,16,19,18,16,19,16,17,,,,,,,,,,,,,,,,
1056,1,2,18,18,18,,,,,,,,,,,,,,,,,,,,,,,,
1057,1,5,16,16,15,11,11,12,,,,,,,,,,,,,,,,,,,,,
1058,1,5,31,31,17,19,17,16,,,,,,,,,,,,,,,,,,,,,
1059,2,2,15,15,15,,,,,,,,,,,,,,,,,,,,,,,,
1060,1,2,3,3,3,,,,,,,,,,,,,,,,,,,,,,,,
1061,1,9,54,54,20,24,24,21,17,18,16,14,,,,,,,,,,,,,,,,,
1062,1,2,10,10,10,,,,,,,,,,,,,,,,,,,,,,,,
1063,1,2,19,19,19,,,,,,,,,,,,,,,,,,,,,,,,
1064,1,2,12,12,12,,,,,,,,,,,,,,,,,,,,,,,,
1065,1,2,3,3,3,,,,,,,,,,,,,,,,,,,,,,,,
1066,2,6,46,46,21,26,26,20,15,,,,,,,,,,,,,,,,,,,,
1067,1,10,53,53,17,24,22,24,21,15,16,17,8,,,,,,,,,,,,,,,,
1068,1,2,15,15,15,,,,,,,,,,,,,,,,,,,,,,,,
1069,1,3,23,23,21,17,,,,,,,,,,,,,,,,,,,,,,,
1070,2,2,13,13,13,,,,,,,,,,,,,,,,,,,,,,,,
1071,1,2,9,9,9,,,,,,,,,,,,,,,,,,,,,,,,
1072,1,12,78,78,20,25,18,17,19,15,16,14,13,15,21,,,,,,,,,,,,,,
1073,1,4,30,30,19,22,17,,,,,,,,,,,,,,,,,,,,,,
1074,2,8,58,58,22,24,23,22,21,24,21,,,,,,,,,,,,,,,,,,
1075,1,3,20,20,17,14,,,,,,,,,,,,,,,,,,,,,,,
1076,1,9,42,42,13,12,16,18,16,17,16,11,,,,,,,,,,,,,,,,,
1077,1,2,10,10,10,,,,,,,,,,,,,,,,,,,,,,,,
1078,1,2,14,14,14,,,,,,,,,,,,,,,,,,,,,,,,
1079,1,2,3,3,3,,,,,,,,,,,,,,,,,,,,,,,,
1080,1,4,15,15,11,6,5,,,,,,,,,,,,,,,,,,,,,,
1081,1,2,6,6,6,,,,,,,,,,,,,,,,,,,,,,,,
1082,1,5,35,35,17,20,19,19,,,,,,,,,,,,,,,,,,,,,
1083,1,2,14,14,14,,,,,,,,,,,,,,,,,,,,,,,,
1084,1,3,22,22,21,11,,,,,,,,,,,,,,,,,,,,,,,
1085,1,2,22,22,22,,,,,,,,,,,,,,,,,,,,,,,,
1086,1,2,10,10,10,,,,,,,,,,,,,,,,,,,,,,,,
1087,1,2,23,23,23,,,,,,,,,,,,,,,,,,,,,,,,
1088,1,3,26,26,23,18,,,,,,,,,,,,,,,,,,,,,,,
1089,1,3,9,9,9,5,,,,,,,,,,,,,,,,,,,,,,,
1090,1,4,23,23,15,14,12,,,,,,,,,,,,,,,,,,,,,,
1091,1,2,10,10,10,,,,,,,,,,,,,,,,,,,,,,,,
1092,1,2,23,23,23,,,,,,,,,,,,,,,,,,,,,,,,
1093,1,2,4,4,4,,,,,,,,,,,,,,,,,,,,,,,,
1094,2,9,48,48,23,21,11,10,15,13,19,13,,,,,,,,,,,,,,,,,
1095,1,3,18,18,16,12,,,,,,,,,,,,,,,,,,,,,,,
1096,2,7,39,39,13,16,19,21,20,14,,,,,,,,,,,,,,,,,,,
1097,1,2,10,10,10,,,,,,,,,,,,,,,,,,,,,,,,
1098,1,7,49,49,23,21,19,15,22,21,,,,,,,,,,,,,,,,,,,
1099,1,2,11,11,11,,,,,,,,,,,,,,,,,,,,,,,,
1100,1,2,8,8,8,,,,,,,,,,,,,,,,,,,,,,,,
1101,1,3,18,18,14,15,,,,,,,,,,,,,,,,,,,,,,,
1102,1,4,25,25,15,18,13,,,,,,,,,,,,,,,,,,,,,,
1103,1,4,21,21,15,18,16,,,,,,,,,,,,,,,,,,,,,,
1104,2,3,19,19,18,12,,,,,,,,,,,,,,,,,,,,,,,
1105,1,2,2,2,2,,,,,,,,,,,,,,,,,,,,,,,,
1106,1,4,24,24,19,16,9,,,,,,,,,,,,,,,,,,,,,,
1107,2,2,3,3,3,,,,,,,,,,,,,,,,,,,,,,,,
1108,1,7,31,31,11,15,16,12,14,13,,,,,,,,,,,,,,,,,,,
1109,2,2,19,19,19,,,,,,,,,,,,,,,,,,,,,,,,
1110,1,2,11,11,11,,,,,,,,,,,,,,,,,,,,,,,,
1111,1,2,18,18,18,,,,,,,,,,,,,,,,,,,,,,,,
1112,1,2,11,11,11,,,,,,,,,,,,,,,,,,,,,,,,
1113,1,2,10,10,10,,,,,,,,,,,,,,,,,,,,,,,,
1114,1,2,14,14,14,,,,,,,,,,,,,,,,,,,,,,,,
1115,1,2,14,14,14,,,,,,,,,,,,,,,,,,,,,,,,
1116,2,3,18,18,18,10,,,,,,,,,,,,,,,,,,,,,,,
1117,1,2,7,7,7,,,,,,,,,,,,,,,,,,,,,,,,
1118,1,2,16,16,16,,,,,,,,,,,,,,,,,,,,,,,,
1119,1,2,10,10,10,,,,,,,,,,,,,,,,,,,,,,,,
1120,1,4,41,41,24,29,24,,,,,,,,,,,,,,,,,,,,,,
1121,1,14,60,60,22,24,25,25,22,20,17,15,15,16,15,11,13,,,,,,,,,,,,
1122,1,11,63,63,16,15,19,22,17,18,16,9,13,16,,,,,,,,,,,,,,,
1123,1,7,46,46,24,20,19,22,21,18,,,,,,,,,,,,,,,,,,,
1124,1,2,15,15,15,,,,,,,,,,,,,,,,,,,,,,,,
1125,1,2,27,27,27,,,,,,,,,,,,,,,,,,,,,,,,
1126,1,2,6,6,6,,,,,,,,,,,,,,,,,,,,,,,,
1127,2,10,60,60,15,13,18,20,16,16,19,23,11,,,,,,,,,,,,,,,,
1128,1,6,46,46,20,23,23,17,15,,,,,,,,,,,,,,,,,,,,
1129,1,3,21,21,14,20,,,,,,,,,,,,,,,,,,,,,,,
1130,1,9,35,35,11,10,14,15,8,5,12,9,,,,,,,,,,,,,,,,,
1131,1,4,20,20,14,13,10,,,,,,,,,,,,,,,,,,,,,,
1132,1,3,14,14,13,9,,,,,,,,,,,,,,,,,,,,,,,
1133,1,2,6,6,6,,,,,,,,,,,,,,,,,,,,,,,,
1134,1,3,22,22,21,15,,,,,,,,,,,,,,,,,,,,,,,
1135,1,2,11,11,11,,,,,,,,,,,,,,,,,,,,,,,,
1136,1,2,11,11,11,,,,,,,,,,,,,,,,,,,,,,,,
1137,1,2,9,9,9,,,,,,,,,,,,,,,,,,,,,,,,
1138,1,2,16,16,16,,,,,,,,,,,,,,,,,,,,,,,,
1139,1,2,11,11,11,,,,,,,,,,,,,,,,,,,,,,,,
1140,1,3,22,22,18,17,,,,,,,,,,,,,,,,,,,,,,,
1141,1,2,17,17,17,,,,,,,,,,,,,,,,,,,,,,,,
1142,2,3,14,14,12,10,,,,,,,,,,,,,,,,,,,,,,,
1143,1,4,32,32,23,21,12,,,,,,,,,,,,,,,,,,,,,,
1144,1,2,22,22,22,,,,,,,,,,,,,,,,,,,,,,,,
1145,1,2,16,16,16,,,,,,,,,,,,,,,,,,,,,,,,
1146,1,2,11,11,11,,,,,,,,,,,,,,,,,,,,,,,,
1147,1,2,9,9,9,,,,,,,,,,,,,,,,,,,,,,,,
1148,1,7,48,48,15,21,22,22,22,16,,,,,,,,,,,,,,,,,,,
1149,1,10,52,52,19,19,22,23,18,13,22,20,9,,,,,,,,,,,,,,,,
1150,1,2,3,3,3,,,,,,,,,,,,,,,,,,,,,,,,
1151,1,2,7,7,7,,,,,,,,,,,,,,,,,,,,,,,,
1152,1,4,21,21,14,13,11,,,,,,,,,,,,,,,,,,,,,,
1153,1,2,24,24,24,,,,,,,,,,,,,,,,,,,,,,,,
1154,2,4,29,29,21,21,14,,,,,,,,,,,,,,,,,,,,,,
1155,1,2,12,12,12,,,,,,,,,,,,,,,,,,,,,,,,
1156,2,15,68,68,21,23,24,20,15,15,15,22,22,16,17,21,21,15,,,,,,,,,,,
1157,1,2,23,23,23,,,,,,,,,,,,,,,,,,,,,,,,
1158,2,6,49,49,23,22,20,23,19,,,,,,,,,,,,,,,,,,,,
1159,1,2,15,15,15,,,,,,,,,,,,,,,,,,,,,,,,
1160,1,2,11,11,11,,,,,,,,,,,,,,,,,,,,,,,,
1161,1,2,13,13,13,,,,,,,,,,,,,,,,,,,,,,,,
1162,2,2,15,15,15,,,,,,,,,,,,,,,,,,,,,,,,
1163,1,2,14,14,14,,,,,,,,,,,,,,,,,,,,,,,,
1164,2,4,30,30,12,20,23,,,,,,,,,,,,,,,,,,,,,,
1165,2,7,42,42,12,18,20,15,16,13,,,,,,,,,,,,,,,,,,,
1166,1,2,13,13,13,,,,,,,,,,,,,,,,,,,,,,,,
1167,2,2,15,15,15,,,,,,,,,,,,,,,,,,,,,,,,
1168,1,12,55,55,16,18,20,19,19,19,15,14,12,15,10,,,,,,,,,,,,,,
1169,1,2,18,18,18,,,,,,,,,,,,,,,,,,,,,,,,
1170,1,6,41,41,14,13,16,20,21,,,,,,,,,,,,,,,,,,,,
1171,1,3,21,21,18,18,,,,,,,,,,,,,,,,,,,,,,,
1172,2,8,56,56,22,22,23,24,22,20,19,,,,,,,,,,,,,,,,,,
1173,1,7,30,30,15,15,17,9,14,12,,,,,,,,,,,,,,,,,,,
1174,1,2,13,13,13,,,,,,,,,,,,,,,,,,,,,,,,
1175,1,3,22,22,19,15,,,,,,,,,,,,,,,,,,,,,,,
1176,1,2,11,11,11,,,,,,,,,,,,,,,,,,,,,,,,
1177,2,4,33,33,18,21,17,,,,,,,,,,,,,,,,,,,,,,
1178,2,2,3,3,3,,,,,,,,,,,,,,,,,,,,,,,,
1179,2,2,14,14,14,,,,,,,,,,,,,,,,,,,,,,,,
1180,1,3,26,26,22,17,,,,,,,,,,,,,,,,,,,,,,,
1181,1,3,21,21,21,19,,,,,,,,,,,,,,,,,,,,,,,
1182,1,2,23,23,23,,,,,,,,,,,,,,,,,,,,,,,,
1183,1,2,9,9,9,,,,,,,,,,,,,,,,,,,,,,,,
1184,1,5,21,21,12,15,13,6,,,,,,,,,,,,,,,,,,,,,
1185,1,2,0,0,0,,,,,,,,,,,,,,,,,,,,,,,,
1186,1,5,32,32,19,19,21,11,,,,,,,,,,,,,,,,,,,,,
1187,1,2,19,19,19,,,,,,,,,,,,,,,,,,,,,,,,
1188,1,2,16,16,16,,,,,,,,,,,,,,,,,,,,,,,,
1189,1,3,12,12,11,12,,,,,,,,,,,,,,,,,,,,,,,
1190,1,2,8,8,8,,,,,,,,,,,,,,,,,,,,,,,,
1191,1,2,11,11,11,,,,,,,,,,,,,,,,,,,,,,,,
1192,1,2,10,10,10,,,,,,,,,,,,,,,,,,,,,,,,
1193,1,2,10,10,10,,,,,,,,,,,,,,,,,,,,,,,,
1194,1,3,21,21,20,11,,,,,,,,,,,,,,,,,,,,,,,
1195,1,2,20,20,20,,,,,,,,,,,,,,,,,,,,,,,,
1196,1,7,37,37,10,17,19,16,20,19,,,,,,,,,,,,,,,,,,,
1197,1,12,67,67,17,20,22,24,21,21,18,14,16,19,12,,,,,,,,,,,,,,
1198,1,3,21,21,20,14,,,,,,,,,,,,,,,,,,,,,,,
1199,1,5,28,28,11,14,15,13,,,,,,,,,,,,,,,,,,,,,
